# ************************************************************
# Sequel Pro SQL dump
# Vers„o 4541
#
# http://www.sequelpro.com/
# https://github.com/sequelpro/sequelpro
#
# Host: localhost (MySQL 5.6.36)
# Base de Dados: escola
# Tempo de GeraÁ„o: 2017-10-23 20:54:42 +0000
# ************************************************************


/*!40101 SET @OLD_CHARACTER_SET_CLIENT=@@CHARACTER_SET_CLIENT */;
/*!40101 SET @OLD_CHARACTER_SET_RESULTS=@@CHARACTER_SET_RESULTS */;
/*!40101 SET @OLD_COLLATION_CONNECTION=@@COLLATION_CONNECTION */;
/*!40101 SET NAMES utf8 */;
/*!40014 SET @OLD_FOREIGN_KEY_CHECKS=@@FOREIGN_KEY_CHECKS, FOREIGN_KEY_CHECKS=0 */;
/*!40101 SET @OLD_SQL_MODE=@@SQL_MODE, SQL_MODE='NO_AUTO_VALUE_ON_ZERO' */;
/*!40111 SET @OLD_SQL_NOTES=@@SQL_NOTES, SQL_NOTES=0 */;


# Dump da tabela account
# ------------------------------------------------------------

DROP TABLE IF EXISTS `account`;

CREATE TABLE `account` (
  `id` int(11) unsigned NOT NULL AUTO_INCREMENT,
  `acc_name` char(35) DEFAULT NULL,
  `acc_cat_id` int(11) unsigned NOT NULL,
  PRIMARY KEY (`id`),
  KEY `acc_cat_rel` (`acc_cat_id`),
  CONSTRAINT `acc_cat_rel` FOREIGN KEY (`acc_cat_id`) REFERENCES `category` (`id`)
) ENGINE=InnoDB DEFAULT CHARSET=latin1;

LOCK TABLES `account` WRITE;
/*!40000 ALTER TABLE `account` DISABLE KEYS */;

INSERT INTO `account` (`id`, `acc_name`, `acc_cat_id`)
VALUES
	(1,'Mensalidades',1),
	(2,'Venda de Livros',1),
	(3,'Venda de Uniformes',1),
	(4,'Outros recebimentos',1),
	(5,'Folha',2),
	(6,'FGTS',2),
	(7,'GPS',2),
	(8,'Pro-labore',2),
	(9,'Manuten√ß√£o',3),
	(10,'Aluguel',4),
	(11,'Contabilidade',4),
	(12,'Inform√°tica',4),
	(13,'Energia el√©trica',4),
	(14,'√Ågua',4),
	(15,'Material de limpeza',4),
	(16,'Telefone & Internet',4),
	(17,'Outras Despesas Operacionais',4);

/*!40000 ALTER TABLE `account` ENABLE KEYS */;
UNLOCK TABLES;


# Dump da tabela cash
# ------------------------------------------------------------

DROP TABLE IF EXISTS `cash`;

CREATE TABLE `cash` (
  `id` int(11) unsigned NOT NULL AUTO_INCREMENT,
  `date` date DEFAULT NULL,
  `b2` int(5) DEFAULT NULL,
  `b5` int(5) DEFAULT NULL,
  `b10` int(5) DEFAULT NULL,
  `b20` int(5) DEFAULT NULL,
  `b50` int(5) DEFAULT NULL,
  `b100` int(5) DEFAULT NULL,
  `c005` int(5) DEFAULT NULL,
  `c010` int(5) DEFAULT NULL,
  `c025` int(5) DEFAULT NULL,
  `c050` int(5) DEFAULT NULL,
  `c100` int(5) DEFAULT NULL,
  PRIMARY KEY (`id`),
  KEY `date` (`date`)
) ENGINE=InnoDB DEFAULT CHARSET=latin1;

LOCK TABLES `cash` WRITE;
/*!40000 ALTER TABLE `cash` DISABLE KEYS */;

INSERT INTO `cash` (`id`, `date`, `b2`, `b5`, `b10`, `b20`, `b50`, `b100`, `c005`, `c010`, `c025`, `c050`, `c100`)
VALUES
	(4,'2017-09-25',6,6,6,6,6,6,6,6,6,6,6),
	(5,'2017-09-20',10,12,1,5,20,16,11,6,4,0,0),
	(6,'2017-09-21',27,12,12,10,26,16,8,0,4,1,4),
	(7,'0000-00-00',10,20,5,19,14,21,8,0,4,1,3),
	(8,'2017-09-25',0,0,0,0,25,21,17,17,27,85,16);

/*!40000 ALTER TABLE `cash` ENABLE KEYS */;
UNLOCK TABLES;


# Dump da tabela category
# ------------------------------------------------------------

DROP TABLE IF EXISTS `category`;

CREATE TABLE `category` (
  `id` int(11) unsigned NOT NULL AUTO_INCREMENT,
  `cat_name` char(35) DEFAULT NULL,
  `cat_type` enum('D','C') NOT NULL DEFAULT 'D',
  PRIMARY KEY (`id`)
) ENGINE=InnoDB DEFAULT CHARSET=latin1;

LOCK TABLES `category` WRITE;
/*!40000 ALTER TABLE `category` DISABLE KEYS */;

INSERT INTO `category` (`id`, `cat_name`, `cat_type`)
VALUES
	(1,'Receita','C'),
	(2,'Pessoal','D'),
	(3,'Manuten√ß√£o','D'),
	(4,'Despesa Operacional','D'),
	(5,'Outras Despesas','D');

/*!40000 ALTER TABLE `category` ENABLE KEYS */;
UNLOCK TABLES;


# Dump da tabela cheque
# ------------------------------------------------------------

DROP TABLE IF EXISTS `cheque`;

CREATE TABLE `cheque` (
  `id` int(11) unsigned NOT NULL AUTO_INCREMENT,
  `description` char(25) DEFAULT NULL,
  `date_in` date DEFAULT NULL,
  `date_out` date DEFAULT NULL,
  `bank` char(25) DEFAULT NULL,
  `value` double DEFAULT NULL,
  `number` char(10) DEFAULT NULL,
  `status` tinyint(1) DEFAULT NULL,
  `type` enum('Reg','Pre') DEFAULT NULL,
  PRIMARY KEY (`id`)
) ENGINE=InnoDB DEFAULT CHARSET=latin1;

LOCK TABLES `cheque` WRITE;
/*!40000 ALTER TABLE `cheque` DISABLE KEYS */;

INSERT INTO `cheque` (`id`, `description`, `date_in`, `date_out`, `bank`, `value`, `number`, `status`, `type`)
VALUES
	(4,'Felipe Pinho','2017-08-31',NULL,'Santander',1174.5,'000048',1,'Pre'),
	(5,'Felipe Pinho','2017-08-31',NULL,'Santander',1174.5,'000049',1,'Pre'),
	(6,'Felipe Pinho','2017-08-31',NULL,'Santander',1174.5,'000050',1,'Pre'),
	(7,'Felipe Pinho','2017-08-31',NULL,'Santander',1174.5,'000051',1,'Pre'),
	(8,'Felipe Pinho','2017-08-31',NULL,'Santander',1174.5,'000052',1,'Pre'),
	(9,'Felipe Pinho','2017-08-31',NULL,'Santander',1174.5,'000053',1,'Pre'),
	(10,'Laene da Silva','2017-08-31',NULL,'Caixa',370.5,'903991',1,''),
	(11,'Construtora AGD','2017-08-31',NULL,'Banco do Brasil',3500,'851115',1,''),
	(12,'Laene da Silva','2017-08-31',NULL,'Caixa',319.5,'903994',1,''),
	(13,'Laene da Silva','2017-08-31',NULL,'Caixa',319.5,'903995',1,'');

/*!40000 ALTER TABLE `cheque` ENABLE KEYS */;
UNLOCK TABLES;


# Dump da tabela discounts
# ------------------------------------------------------------

DROP TABLE IF EXISTS `discounts`;

CREATE TABLE `discounts` (
  `id` int(11) unsigned NOT NULL AUTO_INCREMENT,
  `dis_reg_id` int(11) unsigned DEFAULT NULL,
  `dis_value` double DEFAULT NULL,
  `dis_type` enum('Escola','Irm√£o','Sindicato','Prefeitura') DEFAULT NULL,
  PRIMARY KEY (`id`),
  KEY `reg_rel` (`dis_reg_id`),
  CONSTRAINT `reg_rel` FOREIGN KEY (`dis_reg_id`) REFERENCES `register` (`id`)
) ENGINE=InnoDB DEFAULT CHARSET=latin1;

LOCK TABLES `discounts` WRITE;
/*!40000 ALTER TABLE `discounts` DISABLE KEYS */;

INSERT INTO `discounts` (`id`, `dis_reg_id`, `dis_value`, `dis_type`)
VALUES
	(1,1,0,NULL),
	(2,2,0,NULL),
	(3,3,0,NULL),
	(4,4,1,'Escola'),
	(5,5,0,NULL),
	(6,6,0,NULL),
	(7,7,0,NULL),
	(8,8,0,NULL),
	(9,9,1,'Prefeitura'),
	(10,10,0,NULL),
	(11,11,0.4,'Prefeitura'),
	(12,12,0,NULL),
	(13,13,1,'Prefeitura'),
	(14,14,0,NULL),
	(15,15,0.3,'Prefeitura'),
	(16,16,0.3,'Prefeitura'),
	(17,17,0,NULL),
	(18,18,0,NULL),
	(19,19,1,'Escola'),
	(20,20,0.05,'Irm√£o'),
	(21,21,0,NULL),
	(22,22,0,NULL),
	(23,23,0.8,'Sindicato'),
	(24,24,0,NULL),
	(25,25,0,NULL),
	(26,26,0,NULL),
	(27,27,0.3,'Prefeitura'),
	(28,28,0,NULL),
	(29,29,0.3,'Prefeitura'),
	(30,30,0,NULL),
	(31,31,0.3,'Prefeitura'),
	(32,32,0,NULL),
	(33,33,0.5,'Escola'),
	(34,34,0,NULL),
	(35,35,0,NULL),
	(36,36,0,NULL),
	(37,37,0,NULL),
	(38,38,0.3,'Prefeitura'),
	(39,39,0.3,'Prefeitura'),
	(40,40,0.05,'Irm√£o'),
	(41,41,0.05,'Irm√£o'),
	(42,42,0,NULL),
	(43,43,0.05,'Irm√£o'),
	(44,44,0.1,'Irm√£o'),
	(45,45,0,NULL),
	(46,46,0.1,'Irm√£o'),
	(47,47,0.3,'Prefeitura'),
	(48,48,0,NULL),
	(49,49,0,NULL),
	(50,50,0,NULL),
	(51,51,0.3,'Prefeitura'),
	(52,52,0.3,'Prefeitura'),
	(53,53,0.8,'Sindicato'),
	(54,54,1,'Prefeitura'),
	(55,55,0,NULL),
	(56,56,0,NULL),
	(57,57,0,NULL),
	(58,58,0,NULL),
	(59,59,0.05,'Irm√£o'),
	(60,60,0.3,'Prefeitura'),
	(61,61,0.05,'Irm√£o'),
	(62,62,0,NULL),
	(63,63,0.3,'Prefeitura'),
	(64,64,0,NULL),
	(65,65,0,NULL),
	(66,66,0,NULL),
	(67,67,0.4,'Sindicato'),
	(68,68,0,NULL),
	(69,69,0,NULL),
	(70,70,0.3,'Prefeitura'),
	(71,71,0,NULL),
	(72,72,0.3,'Prefeitura'),
	(73,73,0,NULL),
	(74,74,0,NULL),
	(75,75,0.3,'Prefeitura'),
	(76,76,0,NULL),
	(77,77,0.05,'Irm√£o'),
	(78,78,0,NULL),
	(79,79,0.3,'Prefeitura'),
	(80,80,0,NULL),
	(81,81,0.1187,'Irm√£o'),
	(82,82,1,'Prefeitura'),
	(83,83,0.3,'Prefeitura'),
	(84,84,0,NULL),
	(85,85,0.3,'Prefeitura'),
	(86,86,0,NULL),
	(87,87,0,NULL),
	(88,88,1,'Prefeitura'),
	(89,89,0.1,'Irm√£o'),
	(90,90,0,NULL),
	(91,91,0,NULL),
	(92,92,1,'Prefeitura'),
	(93,93,0,NULL),
	(94,94,0,NULL),
	(95,95,0.3,'Prefeitura'),
	(96,96,0,NULL),
	(97,97,0.3,'Prefeitura'),
	(98,98,0,NULL),
	(99,99,0,NULL),
	(100,100,0,NULL),
	(101,101,0.8,'Sindicato'),
	(102,102,0.05,'Irm√£o'),
	(103,103,0,NULL),
	(104,104,0.05,'Escola'),
	(105,105,0.05,'Irm√£o'),
	(106,106,0,NULL),
	(107,107,0,NULL),
	(108,108,0.8,'Sindicato'),
	(109,109,0,NULL),
	(110,110,0,NULL),
	(111,111,0,NULL),
	(112,112,0.3,'Prefeitura'),
	(113,113,0,NULL),
	(114,114,0,NULL),
	(115,115,0.8,'Sindicato'),
	(116,116,0.3,'Prefeitura'),
	(117,117,0,NULL),
	(118,118,1,'Prefeitura'),
	(119,119,0,NULL),
	(120,120,0,NULL),
	(121,121,0,NULL),
	(122,122,0,NULL),
	(123,123,0.8,'Sindicato'),
	(124,124,0,NULL),
	(125,125,0,NULL),
	(126,126,0,NULL),
	(127,127,0,NULL),
	(128,128,0,NULL),
	(129,129,0,NULL),
	(130,130,0,NULL),
	(131,131,0.8,'Sindicato'),
	(132,132,0,NULL),
	(133,133,0,NULL),
	(134,134,0,NULL),
	(135,135,0,NULL),
	(136,136,0,NULL),
	(137,137,0,NULL),
	(138,138,0.3023,'Escola'),
	(139,139,0,NULL),
	(140,140,0.75,'Escola'),
	(141,141,0,NULL),
	(142,142,0,NULL),
	(143,143,0,NULL),
	(144,144,0.05,'Sindicato'),
	(145,145,0,NULL),
	(146,146,0,NULL),
	(147,147,0,NULL),
	(148,148,0.3,'Prefeitura'),
	(149,149,0,NULL),
	(150,150,0.3,'Prefeitura'),
	(151,151,0.8,'Sindicato'),
	(152,152,0,NULL),
	(153,153,0,NULL),
	(154,154,0.1,'Escola'),
	(155,155,0,NULL),
	(156,156,0,NULL),
	(157,157,0,NULL),
	(158,158,0,NULL),
	(159,159,0,NULL),
	(160,160,0.05,'Sindicato'),
	(161,161,0,NULL),
	(162,162,0,NULL),
	(163,163,0,NULL),
	(164,164,0.8,'Sindicato'),
	(165,165,1,'Prefeitura'),
	(166,166,0.186,'Escola'),
	(167,167,1,'Prefeitura'),
	(168,168,0.4,'Sindicato'),
	(169,169,0,NULL),
	(170,170,0,NULL),
	(171,171,0,NULL),
	(172,172,1,'Prefeitura'),
	(173,173,0,NULL),
	(174,174,0.3,'Prefeitura'),
	(175,175,0.07216,'Irm√£o'),
	(176,176,0.1,'Irm√£o'),
	(177,177,1,'Prefeitura'),
	(178,178,0.05,'Irm√£o'),
	(179,179,0.05,'Irm√£o'),
	(180,180,0.05,'Irm√£o'),
	(181,181,0.05,'Irm√£o'),
	(182,182,0,NULL),
	(183,183,0.05,'Irm√£o'),
	(184,184,0,NULL),
	(185,185,0.3,'Prefeitura'),
	(186,186,0.3,'Prefeitura'),
	(187,187,0,NULL),
	(188,188,0.05,'Irm√£o'),
	(189,189,0.05,'Irm√£o'),
	(190,190,1,'Prefeitura'),
	(191,191,0,NULL),
	(192,192,0,NULL),
	(193,193,0.3,'Prefeitura'),
	(194,194,0.4,'Sindicato'),
	(195,195,0,NULL),
	(196,196,0.05,'Irm√£o'),
	(197,197,0.3,'Prefeitura'),
	(198,198,0.05,'Irm√£o'),
	(199,199,0,NULL),
	(200,200,0,NULL),
	(201,201,0.08247,'Irm√£o'),
	(202,202,0,NULL),
	(203,203,0,NULL),
	(204,204,0.3,'Prefeitura'),
	(205,205,0,NULL),
	(206,206,0,NULL),
	(207,207,0.3,'Prefeitura'),
	(208,208,0,NULL),
	(209,209,0,NULL),
	(210,210,0.3,'Prefeitura'),
	(211,211,0,NULL),
	(212,212,0.05,'Irm√£o'),
	(213,213,0,NULL),
	(214,214,0,NULL),
	(215,215,0.05,'Irm√£o'),
	(216,216,0,NULL),
	(217,217,0.05,'Irm√£o'),
	(218,218,0,NULL),
	(219,219,0.05,'Irm√£o'),
	(220,220,0,NULL),
	(221,221,0.05,'Irm√£o'),
	(222,222,0.8,'Sindicato'),
	(223,223,0,NULL),
	(224,224,0,NULL),
	(225,225,0.05,'Irm√£o'),
	(226,226,0.05,'Irm√£o'),
	(227,227,0.05,'Irm√£o'),
	(228,228,0,NULL),
	(229,229,0,NULL),
	(230,230,0,NULL),
	(231,231,0,NULL),
	(232,232,0,NULL),
	(233,233,0,NULL),
	(234,234,0,NULL),
	(235,235,0,NULL),
	(236,236,0,NULL);

/*!40000 ALTER TABLE `discounts` ENABLE KEYS */;
UNLOCK TABLES;


# Dump da tabela duedates
# ------------------------------------------------------------

DROP TABLE IF EXISTS `duedates`;

CREATE TABLE `duedates` (
  `id` int(11) unsigned NOT NULL AUTO_INCREMENT,
  `due_name` char(10) DEFAULT NULL,
  `due_date` date DEFAULT NULL,
  PRIMARY KEY (`id`)
) ENGINE=InnoDB DEFAULT CHARSET=latin1;

LOCK TABLES `duedates` WRITE;
/*!40000 ALTER TABLE `duedates` DISABLE KEYS */;

INSERT INTO `duedates` (`id`, `due_name`, `due_date`)
VALUES
	(2,'Fev/17','2017-02-10'),
	(3,'Mar/17','2017-03-07'),
	(4,'Abr/17','2017-04-07'),
	(5,'Mai/17','2017-05-05'),
	(6,'Jun/17','2017-06-07'),
	(7,'Jul/17','2017-07-07'),
	(8,'Ago/17','2017-08-07'),
	(9,'Set/17','2017-09-07'),
	(10,'Out/17','2017-10-06'),
	(11,'Nov/17','2017-11-07'),
	(12,'Dez/17','2017-12-07');

/*!40000 ALTER TABLE `duedates` ENABLE KEYS */;
UNLOCK TABLES;


# Dump da tabela grade
# ------------------------------------------------------------

DROP TABLE IF EXISTS `grade`;

CREATE TABLE `grade` (
  `id` int(11) unsigned NOT NULL AUTO_INCREMENT,
  `grade` char(40) DEFAULT NULL,
  `step` enum('EF-I','EF-II','EI') DEFAULT NULL,
  PRIMARY KEY (`id`)
) ENGINE=InnoDB DEFAULT CHARSET=latin1;

LOCK TABLES `grade` WRITE;
/*!40000 ALTER TABLE `grade` DISABLE KEYS */;

INSERT INTO `grade` (`id`, `grade`, `step`)
VALUES
	(1,'Maternal II','EI'),
	(2,'Maternal III','EI'),
	(3,'1o Periodo','EI'),
	(4,'2o.Periodo','EI'),
	(5,'1o. Ano','EF-I'),
	(6,'2o. Ano','EF-I'),
	(7,'3o. Ano','EF-I'),
	(8,'4o. Ano','EF-I'),
	(9,'5o. Ano','EF-II'),
	(10,'6o. Ano','EF-II'),
	(11,'7o. Ano','EF-II'),
	(12,'8o. Ano','EF-II'),
	(13,'9o. Ano','EF-II');

/*!40000 ALTER TABLE `grade` ENABLE KEYS */;
UNLOCK TABLES;


# Dump da tabela grid
# ------------------------------------------------------------

DROP TABLE IF EXISTS `grid`;

CREATE TABLE `grid` (
  `id` int(11) unsigned NOT NULL AUTO_INCREMENT,
  `grade` char(40) DEFAULT NULL,
  `step` enum('EF-I','EF-II','EI') DEFAULT NULL,
  PRIMARY KEY (`id`)
) ENGINE=InnoDB DEFAULT CHARSET=latin1;

LOCK TABLES `grid` WRITE;
/*!40000 ALTER TABLE `grid` DISABLE KEYS */;

INSERT INTO `grid` (`id`, `grade`, `step`)
VALUES
	(1,'Maternal II','EI'),
	(2,'Maternal III','EI'),
	(3,'1o Periodo','EI'),
	(4,'2o.Periodo','EI'),
	(5,'1o. Ano','EF-I'),
	(6,'2o. Ano','EF-I'),
	(7,'3o. Ano','EF-I'),
	(8,'4o. Ano','EF-I'),
	(9,'5o. Ano','EF-II'),
	(10,'6o. Ano','EF-II'),
	(11,'7o. Ano','EF-II'),
	(12,'8o. Ano','EF-II'),
	(13,'9o. Ano','EF-II');

/*!40000 ALTER TABLE `grid` ENABLE KEYS */;
UNLOCK TABLES;


# Dump da tabela method
# ------------------------------------------------------------

DROP TABLE IF EXISTS `method`;

CREATE TABLE `method` (
  `id` int(11) unsigned NOT NULL AUTO_INCREMENT,
  `met_name` char(35) NOT NULL DEFAULT '',
  PRIMARY KEY (`id`)
) ENGINE=InnoDB DEFAULT CHARSET=latin1;

LOCK TABLES `method` WRITE;
/*!40000 ALTER TABLE `method` DISABLE KEYS */;

INSERT INTO `method` (`id`, `met_name`)
VALUES
	(1,'Dinheiro'),
	(2,'Cheque'),
	(3,'Cart√£o');

/*!40000 ALTER TABLE `method` ENABLE KEYS */;
UNLOCK TABLES;


# Dump da tabela payments
# ------------------------------------------------------------

DROP TABLE IF EXISTS `payments`;

CREATE TABLE `payments` (
  `id` int(11) unsigned NOT NULL AUTO_INCREMENT,
  `pay_reg_id` int(11) unsigned DEFAULT NULL,
  `pay_due_date_id` int(11) unsigned DEFAULT NULL,
  `pay_local` enum('Banco','Tesouraria') DEFAULT NULL,
  `pay_actual_date` date DEFAULT NULL,
  `pay_actual_interest` double DEFAULT NULL,
  `pay_actual_value` double DEFAULT NULL,
  `pay_status` tinyint(1) DEFAULT '0',
  `pay_remarks` char(50) DEFAULT NULL,
  `pay_user` char(50) DEFAULT NULL,
  `pay_time_stamp` timestamp NOT NULL DEFAULT CURRENT_TIMESTAMP ON UPDATE CURRENT_TIMESTAMP,
  `pay_method` int(11) DEFAULT NULL,
  PRIMARY KEY (`id`),
  KEY `pay_reg_id` (`pay_reg_id`),
  KEY `pay_due_rel` (`pay_due_date_id`),
  CONSTRAINT `payments_ibfk_1` FOREIGN KEY (`pay_due_date_id`) REFERENCES `duedates` (`id`),
  CONSTRAINT `payments_ibfk_2` FOREIGN KEY (`pay_reg_id`) REFERENCES `register` (`id`)
) ENGINE=InnoDB DEFAULT CHARSET=latin1;

LOCK TABLES `payments` WRITE;
/*!40000 ALTER TABLE `payments` DISABLE KEYS */;

INSERT INTO `payments` (`id`, `pay_reg_id`, `pay_due_date_id`, `pay_local`, `pay_actual_date`, `pay_actual_interest`, `pay_actual_value`, `pay_status`, `pay_remarks`, `pay_user`, `pay_time_stamp`, `pay_method`)
VALUES
	(1,126,2,'Banco','2017-02-17',19.18,898.36,0,NULL,'LEB','2017-10-18 08:06:33',NULL),
	(2,89,2,'Tesouraria','2017-05-19',NULL,615,0,NULL,'LEB','2017-10-18 08:06:33',NULL),
	(3,12,2,'Tesouraria','2017-02-15',NULL,571,0,NULL,'LEB','2017-10-18 08:06:33',NULL),
	(4,217,2,'Tesouraria','2017-02-13',NULL,460.75,0,NULL,'LEB','2017-10-18 08:06:33',NULL),
	(5,195,2,'Banco','2017-02-10',NULL,485,0,NULL,'LEB','2017-10-18 08:06:33',NULL),
	(6,13,2,'Tesouraria','2017-02-10',NULL,571,0,NULL,'LEB','2017-10-18 08:06:33',NULL),
	(7,1,2,'Tesouraria','2017-02-13',NULL,571,0,NULL,'LEB','2017-10-18 08:06:33',NULL),
	(8,127,2,'Tesouraria','2017-02-24',NULL,860,0,NULL,'LEB','2017-10-18 08:06:33',NULL),
	(9,49,2,'Banco','2017-02-08',NULL,615,0,NULL,'LEB','2017-10-18 08:06:33',NULL),
	(10,128,2,'Banco','2017-02-10',NULL,860,0,NULL,'LEB','2017-10-18 08:06:33',NULL),
	(11,154,2,'Tesouraria','2017-02-13',NULL,817,0,NULL,'LEB','2017-10-18 08:06:33',NULL),
	(12,14,2,'Tesouraria','2017-02-13',NULL,571,0,NULL,'LEB','2017-10-18 08:06:33',NULL),
	(13,50,2,'Banco','2017-02-13',NULL,615,0,NULL,'LEB','2017-10-18 08:06:33',NULL),
	(14,51,2,'Tesouraria','2017-03-20',NULL,615,0,NULL,'LEB','2017-10-18 08:06:33',NULL),
	(15,15,2,'Tesouraria','2017-03-17',NULL,571,0,NULL,'LEB','2017-10-18 08:06:33',NULL),
	(16,71,2,'Banco','2017-02-10',NULL,615,0,NULL,'LEB','2017-10-18 08:06:33',NULL),
	(17,72,2,'Banco','2017-02-13',NULL,615,0,NULL,'LEB','2017-10-18 08:06:33',NULL),
	(18,162,2,'Tesouraria','2017-03-20',NULL,860,0,NULL,'LEB','2017-10-18 08:06:33',NULL),
	(19,129,2,'Tesouraria','2017-03-27',NULL,860,0,NULL,'LEB','2017-10-18 08:06:33',NULL),
	(20,52,2,'Banco','2017-02-13',NULL,615,0,NULL,'LEB','2017-10-18 08:06:33',NULL),
	(21,53,2,'Tesouraria','2017-03-27',NULL,123,0,NULL,'LEB','2017-10-18 08:06:33',NULL),
	(22,218,2,'Tesouraria','2017-04-06',18.68,503.68,0,NULL,'LEB','2017-10-18 08:06:33',NULL),
	(23,184,2,'Banco','2017-02-10',NULL,485,0,NULL,'LEB','2017-10-18 08:06:33',NULL),
	(24,73,2,'Tesouraria','2017-03-27',NULL,615,0,NULL,'LEB','2017-10-18 08:06:33',NULL),
	(25,16,2,'Tesouraria','2017-04-04',21.61,592.61,0,NULL,'LEB','2017-10-18 08:06:33',NULL),
	(26,90,2,'Tesouraria','2017-02-13',NULL,615,0,NULL,'LEB','2017-10-18 08:06:33',NULL),
	(27,55,2,'Banco','2017-03-06',15.93,646.86,0,NULL,'LEB','2017-10-18 08:06:33',NULL),
	(28,17,2,'Banco','2017-02-21',NULL,571,0,NULL,'LEB','2017-10-18 08:06:33',NULL),
	(29,108,2,'Banco','2017-02-10',NULL,166,0,NULL,'LEB','2017-10-18 08:06:33',NULL),
	(30,18,2,'Tesouraria','2017-03-17',NULL,571,0,NULL,'LEB','2017-10-18 08:06:33',NULL),
	(31,155,2,'Tesouraria','2017-02-17',NULL,860,0,NULL,'LEB','2017-10-18 08:06:33',NULL),
	(32,163,2,'Tesouraria','2017-02-14',NULL,860,0,NULL,'LEB','2017-10-18 08:06:33',NULL),
	(33,109,2,'Banco','2017-02-13',NULL,826,0,NULL,'LEB','2017-10-18 08:06:33',NULL),
	(34,164,2,'Tesouraria','2017-04-26',NULL,172,0,NULL,'LEB','2017-10-18 08:06:33',NULL),
	(35,130,2,'Tesouraria','2017-04-26',NULL,860,0,NULL,'LEB','2017-10-18 08:06:33',NULL),
	(36,110,2,'Banco','2017-02-08',NULL,826,0,NULL,'LEB','2017-10-18 08:06:33',NULL),
	(37,219,2,'Banco','2017-02-14',NULL,460.75,0,NULL,'LEB','2017-10-18 08:06:33',NULL),
	(38,91,2,'Tesouraria','2017-02-10',NULL,615,0,NULL,'LEB','2017-10-18 08:06:33',NULL),
	(39,131,2,'Tesouraria','2017-02-13',NULL,172,0,NULL,'LEB','2017-10-18 08:06:33',NULL),
	(40,220,2,'Tesouraria','2017-02-15',NULL,485,0,NULL,'LEB','2017-10-18 08:06:33',NULL),
	(41,132,2,'Tesouraria','2017-02-13',NULL,860,0,NULL,'LEB','2017-10-18 08:06:33',NULL),
	(42,196,2,'Tesouraria','2017-03-07',13.1,473.85,0,NULL,'LEB','2017-10-18 08:06:33',NULL),
	(43,111,2,'Banco','2017-02-13',NULL,826,0,NULL,'LEB','2017-10-18 08:06:33',NULL),
	(44,74,2,'Banco','2017-02-09',NULL,615,0,NULL,'LEB','2017-10-18 08:06:33',NULL),
	(45,112,2,'Tesouraria','2017-03-09',24.03,850.03,0,NULL,'LEB','2017-10-18 08:06:33',NULL),
	(46,113,2,'Tesouraria','2017-02-13',NULL,826,0,NULL,'LEB','2017-10-18 08:06:33',NULL),
	(47,197,2,'Banco','2017-02-10',NULL,485,0,NULL,'LEB','2017-10-18 08:06:33',NULL),
	(48,114,2,'Banco','2017-02-10',NULL,826,0,NULL,'LEB','2017-10-18 08:06:33',NULL),
	(49,133,2,'Banco','2017-02-09',NULL,860,0,NULL,'LEB','2017-10-18 08:06:33',NULL),
	(50,185,2,'Tesouraria','2017-04-26',21.94,506.94,0,NULL,'LEB','2017-10-18 08:06:33',NULL),
	(51,134,2,'Tesouraria','2017-03-06',NULL,860,0,NULL,'LEB','2017-10-18 08:06:33',NULL),
	(52,198,2,'Tesouraria','2017-08-04',NULL,460.75,0,NULL,'LEB','2017-10-18 08:06:33',NULL),
	(53,92,2,'Tesouraria','2017-03-17',NULL,615,0,NULL,'LEB','2017-10-18 08:06:33',NULL),
	(54,93,2,'Banco','2017-02-13',NULL,615,0,NULL,'LEB','2017-10-18 08:06:33',NULL),
	(55,115,2,'Tesouraria','2017-02-22',NULL,165.2,0,NULL,'LEB','2017-10-18 08:06:33',NULL),
	(56,135,2,'Banco','2017-02-13',NULL,860,0,NULL,'LEB','2017-10-18 08:06:33',NULL),
	(57,136,2,'Banco','2017-02-13',NULL,860,0,NULL,'LEB','2017-10-18 08:06:33',NULL),
	(58,2,2,'Banco','2017-02-13',NULL,571,0,NULL,'LEB','2017-10-18 08:06:33',NULL),
	(59,56,2,'Banco','2017-02-13',NULL,615,0,NULL,'LEB','2017-10-18 08:06:33',NULL),
	(60,94,2,'Tesouraria','2017-02-24',NULL,615,0,NULL,'LEB','2017-10-18 08:06:33',NULL),
	(61,166,2,'Tesouraria','2017-02-22',NULL,700,0,NULL,'LEB','2017-10-18 08:06:33',NULL),
	(62,20,2,'Banco','2017-02-13',NULL,571,0,NULL,'LEB','2017-10-18 08:06:33',NULL),
	(63,137,2,'Tesouraria','2017-03-17',NULL,860,0,NULL,'LEB','2017-10-18 08:06:33',NULL),
	(64,21,2,'Tesouraria','2017-03-06',NULL,571,0,NULL,'LEB','2017-10-18 08:06:33',NULL),
	(65,27,2,'Tesouraria','2017-03-06',15.2,630.2,0,NULL,'LEB','2017-10-18 08:06:33',NULL),
	(66,22,2,'Banco','2017-02-10',NULL,571,0,NULL,'LEB','2017-10-18 08:06:33',NULL),
	(67,138,2,'Tesouraria','2017-02-21',NULL,600,0,NULL,'LEB','2017-10-18 08:06:33',NULL),
	(68,167,2,'Tesouraria','2017-04-07',31.95,891.95,0,NULL,'LEB','2017-10-18 08:06:33',NULL),
	(69,95,2,'Tesouraria','2017-02-13',NULL,615,0,NULL,'LEB','2017-10-18 08:06:33',NULL),
	(70,28,2,'Tesouraria','2017-02-02',NULL,615,0,NULL,'LEB','2017-10-18 08:06:33',NULL),
	(71,156,2,'Banco','2017-03-07',22.81,905.62,0,NULL,'LEB','2017-10-18 08:06:33',NULL),
	(72,186,2,'Banco','2017-02-10',NULL,485,0,NULL,'LEB','2017-10-18 08:06:33',NULL),
	(73,157,2,'Tesouraria','2017-03-09',NULL,860,0,NULL,'LEB','2017-10-18 08:06:33',NULL),
	(74,139,2,'Banco','2017-02-09',NULL,860,0,NULL,'LEB','2017-10-18 08:06:33',NULL),
	(75,168,2,'Banco','2017-02-13',NULL,516,0,NULL,'LEB','2017-10-18 08:06:33',NULL),
	(76,140,2,'Banco','2017-02-13',NULL,215,0,NULL,'LEB','2017-10-18 08:06:33',NULL),
	(77,3,2,'Banco','2017-02-13',NULL,571,0,NULL,'LEB','2017-10-18 08:06:33',NULL),
	(78,29,2,'Banco','2017-02-13',NULL,615,0,NULL,'LEB','2017-10-18 08:06:33',NULL),
	(79,75,2,'Tesouraria','2017-08-17',49.15,664.15,0,NULL,'LEB','2017-10-18 08:06:33',NULL),
	(80,76,2,'Tesouraria','2017-09-14',NULL,615,0,NULL,'LEB','2017-10-18 08:06:33',NULL),
	(81,187,2,'Tesouraria','2017-03-17',NULL,485,0,NULL,'LEB','2017-10-18 08:06:33',NULL),
	(82,169,2,'Tesouraria','2017-04-26',NULL,860,0,NULL,'LEB','2017-10-18 08:06:33',NULL),
	(83,57,2,'Tesouraria','2017-02-01',NULL,615,0,NULL,'LEB','2017-10-18 08:06:33',NULL),
	(84,58,2,'Banco','2017-02-13',NULL,615,0,NULL,'LEB','2017-10-18 08:06:33',NULL),
	(85,188,2,'Banco','2017-02-13',NULL,485,0,NULL,'LEB','2017-10-18 08:06:33',NULL),
	(86,174,2,'Tesouraria','2017-02-13',NULL,485,0,NULL,'LEB','2017-10-18 08:06:33',NULL),
	(87,221,2,'Banco','2017-02-16',NULL,460.75,0,NULL,'LEB','2017-10-18 08:06:33',NULL),
	(88,141,2,'Banco','2017-02-13',NULL,860,0,NULL,'LEB','2017-10-18 08:06:33',NULL),
	(89,142,2,'Banco','2017-02-13',NULL,860,0,NULL,'LEB','2017-10-18 08:06:33',NULL),
	(90,30,2,'Tesouraria','2017-02-13',NULL,615,0,NULL,'LEB','2017-10-18 08:06:33',NULL),
	(91,59,2,'Tesouraria','2017-03-27',NULL,584.25,0,NULL,'LEB','2017-10-18 08:06:33',NULL),
	(92,222,2,'Banco','2017-02-10',NULL,97,0,NULL,'LEB','2017-10-18 08:06:33',NULL),
	(93,189,2,'Banco','2017-02-10',NULL,485,0,NULL,'LEB','2017-10-18 08:06:33',NULL),
	(94,116,2,'Banco','2017-02-08',NULL,826,0,NULL,'LEB','2017-10-18 08:06:33',NULL),
	(95,199,2,'Banco','2017-02-10',NULL,485,0,NULL,'LEB','2017-10-18 08:06:33',NULL),
	(96,200,2,'Banco','2017-03-15',16.96,518.92,0,NULL,'LEB','2017-10-18 08:06:33',NULL),
	(97,117,2,'Tesouraria','2017-02-22',NULL,826,0,NULL,'LEB','2017-10-18 08:06:33',NULL),
	(98,175,2,'Tesouraria','2017-03-06',NULL,450,0,NULL,'LEB','2017-10-18 08:06:33',NULL),
	(99,176,2,'Tesouraria','2017-02-13',NULL,436.5,0,NULL,'LEB','2017-10-18 08:06:33',NULL),
	(100,60,2,'Tesouraria','2017-03-06',NULL,615,0,NULL,'LEB','2017-10-18 08:06:33',NULL),
	(101,23,2,'Banco','2017-02-10',NULL,114.2,0,NULL,'LEB','2017-10-18 08:06:33',NULL),
	(102,31,2,'Tesouraria','2017-03-27',NULL,615,0,NULL,'LEB','2017-10-18 08:06:33',NULL),
	(103,32,2,'Banco','2017-02-13',NULL,615,0,NULL,'LEB','2017-10-18 08:06:33',NULL),
	(104,5,2,'Banco','2017-02-13',NULL,571,0,NULL,'LEB','2017-10-18 08:06:33',NULL),
	(105,61,2,'Tesouraria','2017-01-24',NULL,584.25,0,NULL,'LEB','2017-10-18 08:06:33',NULL),
	(106,177,2,'Tesouraria','2017-03-17',NULL,485,0,NULL,'LEB','2017-10-18 08:06:33',NULL),
	(107,143,2,'Tesouraria','2017-08-04',NULL,860,0,NULL,'LEB','2017-10-18 08:06:33',NULL),
	(108,33,2,'Tesouraria','2017-02-20',NULL,615,0,NULL,'LEB','2017-10-18 08:06:33',NULL),
	(109,6,2,'Banco','2017-02-09',NULL,571,0,NULL,'LEB','2017-10-18 08:06:33',NULL),
	(110,158,2,'Banco','2017-02-08',NULL,860,0,NULL,'LEB','2017-10-18 08:06:33',NULL),
	(111,144,2,'Tesouraria','2017-02-17',NULL,817,0,NULL,'LEB','2017-10-18 08:06:33',NULL),
	(112,34,2,'Banco','2017-02-13',NULL,615,0,NULL,'LEB','2017-10-18 08:06:33',NULL),
	(113,35,2,'Banco','2017-02-13',NULL,615,0,NULL,'LEB','2017-10-18 08:06:33',NULL),
	(114,223,2,'Banco','2017-02-13',NULL,485,0,NULL,'LEB','2017-10-18 08:06:33',NULL),
	(115,36,2,'Tesouraria','2017-03-20',NULL,615,0,NULL,'LEB','2017-10-18 08:06:33',NULL),
	(116,201,2,'Tesouraria','2017-03-07',NULL,445,0,NULL,'LEB','2017-10-18 08:06:33',NULL),
	(117,7,2,'Tesouraria','2017-08-04',NULL,571,0,NULL,'LEB','2017-10-18 08:06:33',NULL),
	(118,202,2,'Banco','2017-02-13',NULL,485,0,NULL,'LEB','2017-10-18 08:06:33',NULL),
	(119,178,2,'Tesouraria','2017-02-23',NULL,460.75,0,NULL,'LEB','2017-10-18 08:06:33',NULL),
	(120,96,2,'Tesouraria','2017-02-13',NULL,615,0,NULL,'LEB','2017-10-18 08:06:33',NULL),
	(121,203,2,'Tesouraria','2017-02-10',NULL,485,0,NULL,'LEB','2017-10-18 08:06:33',NULL),
	(122,224,2,'Banco','2017-02-24',13.99,512.98,0,NULL,'LEB','2017-10-18 08:06:33',NULL),
	(123,204,2,'Tesouraria','2017-02-13',NULL,485,0,NULL,'LEB','2017-10-18 08:06:33',NULL),
	(124,8,2,'Tesouraria','2017-02-22',NULL,571,0,NULL,'LEB','2017-10-18 08:06:33',NULL),
	(125,119,2,'Banco','2017-02-13',NULL,826,0,NULL,'LEB','2017-10-18 08:06:33',NULL),
	(126,62,2,'Banco','2017-02-08',NULL,615,0,NULL,'LEB','2017-10-18 08:06:33',NULL),
	(127,37,2,'Banco','2017-02-13',NULL,615,0,NULL,'LEB','2017-10-18 08:06:33',NULL),
	(128,190,2,'Tesouraria','2017-02-23',NULL,485,0,NULL,'LEB','2017-10-18 08:06:33',NULL),
	(129,77,2,'Banco','2017-02-13',NULL,615,0,NULL,'LEB','2017-10-18 08:06:33',NULL),
	(130,38,2,'Banco','2017-02-09',NULL,615,0,NULL,'LEB','2017-10-18 08:06:33',NULL),
	(131,39,2,'Tesouraria','2017-02-22',NULL,615,0,NULL,'LEB','2017-10-18 08:06:33',NULL),
	(132,63,2,'Banco','2017-02-21',NULL,615,0,NULL,'LEB','2017-10-18 08:06:33',NULL),
	(133,179,2,'Tesouraria','2017-02-10',NULL,460.75,0,NULL,'LEB','2017-10-18 08:06:33',NULL),
	(134,145,2,'Banco','2017-02-13',NULL,860,0,NULL,'LEB','2017-10-18 08:06:33',NULL),
	(135,9,2,'Tesouraria','2017-02-13',NULL,571,0,NULL,'LEB','2017-10-18 08:06:33',NULL),
	(136,97,2,'Banco','2017-02-13',NULL,615,0,NULL,'LEB','2017-10-18 08:06:33',NULL),
	(137,40,2,'Banco','2017-02-13',NULL,584.25,0,NULL,'LEB','2017-10-18 08:06:33',NULL),
	(138,225,2,'Banco','2017-02-13',NULL,461.5,0,NULL,'LEB','2017-10-18 08:06:33',NULL),
	(139,205,2,'Banco','2017-02-13',NULL,485,0,NULL,'LEB','2017-10-18 08:06:33',NULL),
	(140,120,2,'Banco','2017-02-09',NULL,826,0,NULL,'LEB','2017-10-18 08:06:33',NULL),
	(141,206,2,'Tesouraria','2017-02-13',NULL,485,0,NULL,'LEB','2017-10-18 08:06:33',NULL),
	(142,78,2,'Banco','2017-02-13',NULL,615,0,NULL,'LEB','2017-10-18 08:06:33',NULL),
	(143,41,2,'Tesouraria','2017-03-17',NULL,584.25,0,NULL,'LEB','2017-10-18 08:06:33',NULL),
	(144,64,2,'Tesouraria','2017-03-20',NULL,615,0,NULL,'LEB','2017-10-18 08:06:33',NULL),
	(145,146,2,'Tesouraria','2017-03-10',NULL,860,0,NULL,'LEB','2017-10-18 08:06:33',NULL),
	(146,191,2,'Banco','2017-02-10',NULL,485,0,NULL,'LEB','2017-10-18 08:06:33',NULL),
	(147,121,2,'Banco','2017-02-13',NULL,826,0,NULL,'LEB','2017-10-18 08:06:33',NULL),
	(148,65,2,'Banco','2017-03-14',22.53,660.06,0,NULL,'LEB','2017-10-18 08:06:33',NULL),
	(149,227,2,'Tesouraria','2017-02-10',NULL,460.75,0,NULL,'LEB','2017-10-18 08:06:33',NULL),
	(150,66,2,'Tesouraria','2017-02-14',NULL,615,0,NULL,'LEB','2017-10-18 08:06:33',NULL),
	(151,98,2,'Tesouraria','2017-03-20',NULL,615,0,NULL,'LEB','2017-10-18 08:06:33',NULL),
	(152,99,2,'Banco','2017-02-13',NULL,615,0,NULL,'LEB','2017-10-18 08:06:33',NULL),
	(153,159,2,'Tesouraria','2017-02-13',NULL,860,0,NULL,'LEB','2017-10-18 08:06:33',NULL),
	(154,79,2,'Banco','2017-02-08',NULL,615,0,NULL,'LEB','2017-10-18 08:06:33',NULL),
	(155,80,2,'Banco','2017-02-13',NULL,615,0,NULL,'LEB','2017-10-18 08:06:33',NULL),
	(156,122,2,'Banco','2017-02-13',NULL,826,0,NULL,'LEB','2017-10-18 08:06:33',NULL),
	(157,100,2,'Tesouraria','2017-02-14',NULL,615,0,NULL,'LEB','2017-10-18 08:06:33',NULL),
	(158,24,2,'Banco','2017-02-13',NULL,571,0,NULL,'LEB','2017-10-18 08:06:33',NULL),
	(159,67,2,'Tesouraria','2017-02-13',NULL,369,0,NULL,'LEB','2017-10-18 08:06:33',NULL),
	(160,208,2,'Banco','2017-02-14',NULL,485,0,NULL,'LEB','2017-10-18 08:06:33',NULL),
	(161,81,2,'Tesouraria','2017-03-06',NULL,542,0,NULL,'LEB','2017-10-18 08:06:33',NULL),
	(162,82,2,'Banco','2017-02-13',NULL,615,0,NULL,'LEB','2017-10-18 08:06:33',NULL),
	(163,42,2,'Tesouraria','2017-02-13',NULL,615,0,NULL,'LEB','2017-10-18 08:06:33',NULL),
	(164,68,2,'Banco','2017-02-16',NULL,615,0,NULL,'LEB','2017-10-18 08:06:33',NULL),
	(165,101,2,'Tesouraria','2017-02-13',NULL,123,0,NULL,'LEB','2017-10-18 08:06:33',NULL),
	(166,43,2,'Tesouraria','2017-03-17',NULL,584.25,0,NULL,'LEB','2017-10-18 08:06:33',NULL),
	(167,25,2,'Banco','2017-02-13',NULL,571,0,NULL,'LEB','2017-10-18 08:06:33',NULL),
	(168,228,2,'Tesouraria','2017-02-13',NULL,485,0,NULL,'LEB','2017-10-18 08:06:33',NULL),
	(169,180,2,'Tesouraria','2017-03-20',NULL,460.75,0,NULL,'LEB','2017-10-18 08:06:33',NULL),
	(170,44,2,'Banco','2017-02-24',16.59,648.18,0,NULL,'LEB','2017-10-18 08:06:33',NULL),
	(171,147,2,'Banco','2017-02-13',NULL,860,0,NULL,'LEB','2017-10-18 08:06:33',NULL),
	(172,192,2,'Tesouraria','2017-02-23',NULL,485,0,NULL,'LEB','2017-10-18 08:06:33',NULL),
	(173,10,2,'Banco','2017-02-22',NULL,571,0,NULL,'LEB','2017-10-18 08:06:33',NULL),
	(174,84,2,'Banco','2017-02-09',NULL,615,0,NULL,'LEB','2017-10-18 08:06:33',NULL),
	(175,229,2,'Tesouraria','2017-02-13',NULL,485,0,NULL,'LEB','2017-10-18 08:06:33',NULL),
	(176,45,2,'Tesouraria','2017-02-13',NULL,615,0,NULL,'LEB','2017-10-18 08:06:33',NULL),
	(177,209,2,'Banco','2017-03-07',17.62,520.24,0,NULL,'LEB','2017-10-18 08:06:33',NULL),
	(178,181,2,'Banco','2017-02-13',NULL,485,0,NULL,'LEB','2017-10-18 08:06:33',NULL),
	(179,148,2,'Tesouraria','2017-03-06',NULL,860,0,NULL,'LEB','2017-10-18 08:06:33',NULL),
	(180,210,2,'Tesouraria','2017-02-13',NULL,485,0,NULL,'LEB','2017-10-18 08:06:33',NULL),
	(181,102,2,'Banco','2017-02-09',NULL,615,0,NULL,'LEB','2017-10-18 08:06:33',NULL),
	(182,103,2,'Banco','2017-02-13',NULL,615,0,NULL,'LEB','2017-10-18 08:06:33',NULL),
	(183,230,2,'Banco','2017-02-13',NULL,485,0,NULL,'LEB','2017-10-18 08:06:33',NULL),
	(184,216,2,'Tesouraria','2017-02-22',NULL,485,0,NULL,'LEB','2017-10-18 08:06:33',NULL),
	(185,170,2,'Banco','2017-02-09',NULL,860,0,NULL,'LEB','2017-10-18 08:06:33',NULL),
	(186,104,2,'Tesouraria','2017-03-06',NULL,584.25,0,NULL,'LEB','2017-10-18 08:06:33',NULL),
	(187,182,2,'Banco','2017-03-06',16.63,518.26,0,NULL,'LEB','2017-10-18 08:06:33',NULL),
	(188,211,2,'Tesouraria','2017-02-13',NULL,485,0,NULL,'LEB','2017-10-18 08:06:33',NULL),
	(189,149,2,'Tesouraria','2017-02-01',NULL,860,0,NULL,'LEB','2017-10-18 08:06:33',NULL),
	(190,171,2,'Banco','2017-02-13',NULL,860,0,NULL,'LEB','2017-10-18 08:06:33',NULL),
	(191,150,2,'Tesouraria','2017-02-23',NULL,860,0,NULL,'LEB','2017-10-18 08:06:33',NULL),
	(192,151,2,'Tesouraria','2017-02-10',NULL,172,0,NULL,'LEB','2017-10-18 08:06:33',NULL),
	(193,193,2,'Tesouraria','2017-02-24',NULL,485,0,NULL,'LEB','2017-10-18 08:06:33',NULL),
	(194,26,2,'Tesouraria','2017-03-17',NULL,571,0,NULL,'LEB','2017-10-18 08:06:33',NULL),
	(195,212,2,'Banco','2017-02-13',NULL,485,0,NULL,'LEB','2017-10-18 08:06:33',NULL),
	(196,183,2,'Banco','2017-03-06',13.33,511.66,0,NULL,'LEB','2017-10-18 08:06:33',NULL),
	(197,123,2,'Tesouraria','2017-02-10',NULL,165.2,0,NULL,'LEB','2017-10-18 08:06:33',NULL),
	(198,213,2,'Banco','2017-02-15',11.02,507.04,0,NULL,'LEB','2017-10-18 08:06:33',NULL),
	(199,172,2,'Banco','2017-03-09',25.78,911.56,0,NULL,'LEB','2017-10-18 08:06:33',NULL),
	(200,85,2,'Banco','2017-02-21',NULL,615,0,NULL,'LEB','2017-10-18 08:06:33',NULL),
	(201,194,2,'Banco','2017-02-13',NULL,485,0,NULL,'LEB','2017-10-18 08:06:33',NULL),
	(202,46,2,'Banco','2017-02-13',NULL,615,0,NULL,'LEB','2017-10-18 08:06:33',NULL),
	(203,152,2,'Banco','2017-02-17',NULL,860,0,NULL,'LEB','2017-10-18 08:06:33',NULL),
	(204,160,2,'Tesouraria','2017-03-07',NULL,817,0,NULL,'LEB','2017-10-18 08:06:33',NULL),
	(205,47,2,'Tesouraria','2017-02-10',NULL,615,0,NULL,'LEB','2017-10-18 08:06:33',NULL),
	(206,124,2,'Banco','2017-02-13',NULL,826,0,NULL,'LEB','2017-10-18 08:06:33',NULL),
	(207,214,2,'Banco','2017-03-02',15.97,516.94,0,NULL,'LEB','2017-10-18 08:06:33',NULL),
	(208,86,2,'Tesouraria','2017-03-07',15.41,630.41,0,NULL,'LEB','2017-10-18 08:06:33',NULL),
	(209,105,2,'Banco','2017-02-10',NULL,615,0,NULL,'LEB','2017-10-18 08:06:33',NULL),
	(210,87,2,'Banco','2017-02-13',NULL,615,0,NULL,'LEB','2017-10-18 08:06:33',NULL),
	(211,161,2,'Banco','2017-02-13',NULL,860,0,NULL,'LEB','2017-10-18 08:06:33',NULL),
	(212,125,2,'Banco','2017-02-10',NULL,826,0,NULL,'LEB','2017-10-18 08:06:33',NULL),
	(213,215,2,'Tesouraria','2017-02-13',NULL,460.75,0,NULL,'LEB','2017-10-18 08:06:33',NULL),
	(214,48,2,'Banco','2017-02-13',NULL,615,0,NULL,'LEB','2017-10-18 08:06:33',NULL),
	(215,153,2,'Banco','2017-02-09',NULL,860,0,NULL,'LEB','2017-10-18 08:06:33',NULL),
	(216,69,2,'Banco','2017-02-13',NULL,615,0,NULL,'LEB','2017-10-18 08:06:33',NULL),
	(217,107,2,'Tesouraria','2017-03-08',NULL,615,0,NULL,'LEB','2017-10-18 08:06:33',NULL),
	(218,70,2,'Banco','2017-02-13',NULL,615,0,NULL,'LEB','2017-10-18 08:06:33',NULL),
	(219,11,2,'Tesouraria','2017-03-06',14.11,585.11,0,NULL,'LEB','2017-10-18 08:06:33',NULL),
	(220,88,2,'Banco','2017-02-10',NULL,615,0,NULL,'LEB','2017-10-18 08:06:33',NULL),
	(221,173,2,'Banco','2017-02-09',NULL,860,0,NULL,'LEB','2017-10-18 08:06:33',NULL),
	(222,126,3,'Banco','2017-03-08',NULL,860,0,NULL,'LEB','2017-10-18 08:06:33',NULL),
	(223,89,3,'Tesouraria','2017-07-07',NULL,553.5,0,NULL,'LEB','2017-10-18 08:06:33',NULL),
	(224,12,3,'Tesouraria','2017-03-16',13.15,584.15,0,NULL,'LEB','2017-10-18 08:06:33',NULL),
	(225,217,3,'Tesouraria','2017-03-07',NULL,460.75,0,NULL,'LEB','2017-10-18 08:06:33',NULL),
	(226,195,3,'Banco','2017-03-02',NULL,485,0,NULL,'LEB','2017-10-18 08:06:33',NULL),
	(227,13,3,'Tesouraria','2017-03-07',NULL,378,0,NULL,'LEB','2017-10-18 08:06:33',NULL),
	(228,1,3,'Tesouraria','2017-03-27',NULL,571,0,NULL,'LEB','2017-10-18 08:06:33',NULL),
	(229,127,3,'Banco','2017-03-08',NULL,860,0,NULL,'LEB','2017-10-18 08:06:33',NULL),
	(230,49,3,'Banco','2017-03-07',NULL,615,0,NULL,'LEB','2017-10-18 08:06:33',NULL),
	(231,128,3,'Banco','2017-03-07',NULL,860,0,NULL,'LEB','2017-10-18 08:06:33',NULL),
	(232,154,3,'Tesouraria','2017-03-27',NULL,774,0,NULL,'LEB','2017-10-18 08:06:33',NULL),
	(233,14,3,'Banco','2017-03-02',NULL,571,0,NULL,'LEB','2017-10-18 08:06:33',NULL),
	(234,50,3,'Banco','2017-03-08',NULL,615,0,NULL,'LEB','2017-10-18 08:06:33',NULL),
	(235,51,3,'Tesouraria','2017-03-20',NULL,615,0,NULL,'LEB','2017-10-18 08:06:33',NULL),
	(236,15,3,'Tesouraria','2017-03-10',NULL,571,0,NULL,'LEB','2017-10-18 08:06:33',NULL),
	(237,71,3,'Banco','2017-03-08',NULL,615,0,NULL,'LEB','2017-10-18 08:06:33',NULL),
	(238,72,3,'Tesouraria','2017-03-17',NULL,615,0,NULL,'LEB','2017-10-18 08:06:33',NULL),
	(239,162,3,'Tesouraria','2017-03-20',NULL,860,0,NULL,'LEB','2017-10-18 08:06:33',NULL),
	(240,129,3,'Tesouraria','2017-03-27',NULL,860,0,NULL,'LEB','2017-10-18 08:06:33',NULL),
	(241,52,3,'Banco','2017-03-07',NULL,615,0,NULL,'LEB','2017-10-18 08:06:33',NULL),
	(242,53,3,'Tesouraria','2017-03-27',NULL,123,0,NULL,'LEB','2017-10-18 08:06:33',NULL),
	(243,218,3,'Tesouraria','2017-05-05',19.33,504.33,0,NULL,'LEB','2017-10-18 08:06:33',NULL),
	(244,184,3,'Banco','2017-03-07',NULL,485,0,NULL,'LEB','2017-10-18 08:06:33',NULL),
	(245,73,3,'Tesouraria','2017-03-27',NULL,615,0,NULL,'LEB','2017-10-18 08:06:33',NULL),
	(246,16,3,'Tesouraria','2017-04-04',16.8,587.8,0,NULL,'LEB','2017-10-18 08:06:33',NULL),
	(247,90,3,'Banco','2017-03-09',14.33,643.66,0,NULL,'LEB','2017-10-18 08:06:33',NULL),
	(248,55,3,'Banco','2017-03-16',NULL,615,0,NULL,'LEB','2017-10-18 08:06:33',NULL),
	(249,17,3,'Banco','2017-03-21',NULL,571,0,NULL,'LEB','2017-10-18 08:06:33',NULL),
	(250,108,3,'Banco','2017-03-07',NULL,166,0,NULL,'LEB','2017-10-18 08:06:33',NULL),
	(251,18,3,'Banco','2017-03-08',NULL,571,0,NULL,'LEB','2017-10-18 08:06:33',NULL),
	(252,155,3,'Tesouraria','2017-03-07',NULL,860,0,NULL,'LEB','2017-10-18 08:06:33',NULL),
	(253,163,3,'Banco','2017-03-08',NULL,860,0,NULL,'LEB','2017-10-18 08:06:33',NULL),
	(254,109,3,'Banco','2017-03-08',NULL,826,0,NULL,'LEB','2017-10-18 08:06:33',NULL),
	(255,164,3,'Tesouraria','2017-07-03',NULL,172,0,NULL,'LEB','2017-10-18 08:06:33',NULL),
	(256,130,3,'Tesouraria','2017-05-19',NULL,860,0,NULL,'LEB','2017-10-18 08:06:33',NULL),
	(257,110,3,'Banco','2017-03-08',NULL,826,0,NULL,'LEB','2017-10-18 08:06:33',NULL),
	(258,219,3,'Banco','2017-03-03',NULL,485,0,NULL,'LEB','2017-10-18 08:06:33',NULL),
	(259,91,3,'Banco','2017-03-09',12.63,640.26,0,NULL,'LEB','2017-10-18 08:06:33',NULL),
	(260,131,3,'Tesouraria','2017-03-27',NULL,172,0,NULL,'LEB','2017-10-18 08:06:33',NULL),
	(261,220,3,'Banco','2017-03-08',NULL,485,0,NULL,'LEB','2017-10-18 08:06:33',NULL),
	(262,132,3,'Banco','2017-03-08',NULL,860,0,NULL,'LEB','2017-10-18 08:06:33',NULL),
	(263,196,3,'Tesouraria','2017-03-17',NULL,460.75,0,NULL,'LEB','2017-10-18 08:06:33',NULL),
	(264,111,3,'Tesouraria','2017-03-10',NULL,826,0,NULL,'LEB','2017-10-18 08:06:33',NULL),
	(265,74,3,'Banco','2017-03-08',NULL,615,0,NULL,'LEB','2017-10-18 08:06:33',NULL),
	(266,112,3,'Tesouraria','2017-05-23',37.93,863.93,0,NULL,'LEB','2017-10-18 08:06:33',NULL),
	(267,113,3,'Banco','2017-03-08',NULL,826,0,NULL,'LEB','2017-10-18 08:06:33',NULL),
	(268,197,3,'Banco','2017-03-08',NULL,485,0,NULL,'LEB','2017-10-18 08:06:33',NULL),
	(269,114,3,'Banco','2017-03-03',NULL,826,0,NULL,'LEB','2017-10-18 08:06:33',NULL),
	(270,133,3,'Banco','2017-03-02',NULL,860,0,NULL,'LEB','2017-10-18 08:06:33',NULL),
	(271,185,3,'Tesouraria','2017-04-26',17.86,502.86,0,NULL,'LEB','2017-10-18 08:06:33',NULL),
	(272,134,3,'Tesouraria','2017-03-20',NULL,860,0,NULL,'LEB','2017-10-18 08:06:33',NULL),
	(273,198,3,'Tesouraria','2017-08-04',NULL,460.75,0,NULL,'LEB','2017-10-18 08:06:33',NULL),
	(274,92,3,'Tesouraria','2017-03-27',NULL,615,0,NULL,'LEB','2017-10-18 08:06:33',NULL),
	(275,93,3,'Banco','2017-03-08',NULL,615,0,NULL,'LEB','2017-10-18 08:06:33',NULL),
	(276,115,3,'Tesouraria','2017-03-27',NULL,165.2,0,NULL,'LEB','2017-10-18 08:06:33',NULL),
	(277,135,3,'Banco','2017-03-08',NULL,860,0,NULL,'LEB','2017-10-18 08:06:33',NULL),
	(278,136,3,'Banco','2017-03-07',NULL,860,0,NULL,'LEB','2017-10-18 08:06:33',NULL),
	(279,2,3,'Banco','2017-03-08',NULL,571,0,NULL,'LEB','2017-10-18 08:06:33',NULL),
	(280,56,3,'Banco','2017-03-02',NULL,615,0,NULL,'LEB','2017-10-18 08:06:33',NULL),
	(281,94,3,'Tesouraria','2017-04-03',NULL,615,0,NULL,'LEB','2017-10-18 08:06:33',NULL),
	(282,166,3,'Banco','2017-03-07',NULL,700,0,NULL,'LEB','2017-10-18 08:06:33',NULL),
	(283,20,3,'Banco','2017-03-08',NULL,571,0,NULL,'LEB','2017-10-18 08:06:33',NULL),
	(284,137,3,'Tesouraria','2017-03-20',NULL,860,0,NULL,'LEB','2017-10-18 08:06:33',NULL),
	(285,21,3,'Banco','2017-03-29',14.06,599.12,0,NULL,'LEB','2017-10-18 08:06:33',NULL),
	(286,27,3,'Tesouraria','2017-04-03',15.2,630.2,0,NULL,'LEB','2017-10-18 08:06:33',NULL),
	(287,22,3,'Banco','2017-03-08',NULL,571,0,NULL,'LEB','2017-10-18 08:06:33',NULL),
	(288,138,3,'Tesouraria','2017-03-22',NULL,600,0,NULL,'LEB','2017-10-18 08:06:33',NULL),
	(289,167,3,'Tesouraria','2017-03-08',NULL,860,0,NULL,'LEB','2017-10-18 08:06:33',NULL),
	(290,95,3,'Banco','2017-03-06',NULL,615,0,NULL,'LEB','2017-10-18 08:06:33',NULL),
	(291,28,3,'Tesouraria','2017-02-02',NULL,615,0,NULL,'LEB','2017-10-18 08:06:33',NULL),
	(292,156,3,'Banco','2017-03-30',24.46,908.92,0,NULL,'LEB','2017-10-18 08:06:33',NULL),
	(293,186,3,'Banco','2017-03-08',NULL,485,0,NULL,'LEB','2017-10-18 08:06:33',NULL),
	(294,157,3,'Tesouraria','2017-03-09',NULL,860,0,NULL,'LEB','2017-10-18 08:06:33',NULL),
	(295,139,3,'Banco','2017-03-08',NULL,860,0,NULL,'LEB','2017-10-18 08:06:33',NULL),
	(296,168,3,'Banco','2017-03-08',NULL,516,0,NULL,'LEB','2017-10-18 08:06:33',NULL),
	(297,140,3,'Tesouraria','2017-03-07',NULL,215,0,NULL,'LEB','2017-10-18 08:06:33',NULL),
	(298,3,3,'Banco','2017-03-03',NULL,571,0,NULL,'LEB','2017-10-18 08:06:33',NULL),
	(299,29,3,'Tesouraria','2017-03-06',NULL,615,0,NULL,'LEB','2017-10-18 08:06:33',NULL),
	(300,75,3,'Banco','2017-03-07',NULL,615,0,NULL,'LEB','2017-10-18 08:06:33',NULL),
	(301,76,3,'Tesouraria','2017-09-14',NULL,615,0,NULL,'LEB','2017-10-18 08:06:33',NULL),
	(302,187,3,'Banco','2017-03-08',NULL,485,0,NULL,'LEB','2017-10-18 08:06:33',NULL),
	(303,169,3,'Tesouraria','2017-05-19',NULL,860,0,NULL,'LEB','2017-10-18 08:06:33',NULL),
	(304,57,3,'Tesouraria','2017-02-01',NULL,615,0,NULL,'LEB','2017-10-18 08:06:33',NULL),
	(305,58,3,'Banco','2017-03-08',NULL,615,0,NULL,'LEB','2017-10-18 08:06:33',NULL),
	(306,188,3,'Tesouraria','2017-03-09',NULL,460.75,0,NULL,'LEB','2017-10-18 08:06:33',NULL),
	(307,174,3,'Tesouraria','2017-03-06',NULL,485,0,NULL,'LEB','2017-10-18 08:06:33',NULL),
	(308,221,3,'Banco','2017-03-08',NULL,460.75,0,NULL,'LEB','2017-10-18 08:06:33',NULL),
	(309,141,3,'Banco','2017-03-09',NULL,860,0,NULL,'LEB','2017-10-18 08:06:33',NULL),
	(310,142,3,'Banco','2017-05-29',NULL,895.68,0,NULL,'LEB','2017-10-18 08:06:33',NULL),
	(311,30,3,'Banco','2017-03-08',NULL,615,0,NULL,'LEB','2017-10-18 08:06:33',NULL),
	(312,59,3,'Tesouraria','2017-03-27',NULL,584.25,0,NULL,'LEB','2017-10-18 08:06:33',NULL),
	(313,222,3,'Banco','2017-03-07',NULL,97,0,NULL,'LEB','2017-10-18 08:06:33',NULL),
	(314,189,3,'Banco','2017-03-08',NULL,485,0,NULL,'LEB','2017-10-18 08:06:33',NULL),
	(315,116,3,'Banco','2017-03-08',NULL,826,0,NULL,'LEB','2017-10-18 08:06:33',NULL),
	(316,199,3,'Banco','2017-03-08',NULL,485,0,NULL,'LEB','2017-10-18 08:06:33',NULL),
	(317,200,3,'Tesouraria','2017-07-12',28.31,513.31,0,NULL,'LEB','2017-10-18 08:06:33',NULL),
	(318,117,3,'Tesouraria','2017-03-20',NULL,826,0,NULL,'LEB','2017-10-18 08:06:33',NULL),
	(319,175,3,'Banco','2017-03-21',NULL,450,0,NULL,'LEB','2017-10-18 08:06:33',NULL),
	(320,176,3,'Tesouraria','2017-03-10',NULL,436.5,0,NULL,'LEB','2017-10-18 08:06:33',NULL),
	(321,60,3,'Banco','2017-03-29',14.94,644.88,0,NULL,'LEB','2017-10-18 08:06:33',NULL),
	(322,23,3,'Banco','2017-03-08',NULL,114.2,0,NULL,'LEB','2017-10-18 08:06:33',NULL),
	(323,31,3,'Tesouraria','2017-05-02',21.2,636.2,0,NULL,'LEB','2017-10-18 08:06:33',NULL),
	(324,32,3,'Banco','2017-03-08',NULL,615,0,NULL,'LEB','2017-10-18 08:06:33',NULL),
	(325,5,3,'Banco','2017-03-07',NULL,571,0,NULL,'LEB','2017-10-18 08:06:33',NULL),
	(326,61,3,'Tesouraria','2017-04-03',NULL,584.25,0,NULL,'LEB','2017-10-18 08:06:33',NULL),
	(327,177,3,'Tesouraria','2017-03-28',NULL,485,0,NULL,'LEB','2017-10-18 08:06:33',NULL),
	(328,143,3,'Tesouraria','2017-08-04',NULL,860,0,NULL,'LEB','2017-10-18 08:06:33',NULL),
	(329,33,3,'Tesouraria','2017-03-13',NULL,615,0,NULL,'LEB','2017-10-18 08:06:33',NULL),
	(330,6,3,'Tesouraria','2017-03-27',NULL,571,0,NULL,'LEB','2017-10-18 08:06:33',NULL),
	(331,158,3,'Banco','2017-03-07',NULL,860,0,NULL,'LEB','2017-10-18 08:06:33',NULL),
	(332,144,3,'Tesouraria','2017-03-20',NULL,817,0,NULL,'LEB','2017-10-18 08:06:33',NULL),
	(333,34,3,'Tesouraria','2017-03-10',NULL,615,0,NULL,'LEB','2017-10-18 08:06:33',NULL),
	(334,35,3,'Banco','2017-03-02',NULL,615,0,NULL,'LEB','2017-10-18 08:06:33',NULL),
	(335,223,3,'Tesouraria','2017-03-24',12.48,497.48,0,NULL,'LEB','2017-10-18 08:06:33',NULL),
	(336,36,3,'Tesouraria','2017-08-16',NULL,615,0,NULL,'LEB','2017-10-18 08:06:33',NULL),
	(337,201,3,'Tesouraria','2017-03-07',NULL,445,0,NULL,'LEB','2017-10-18 08:06:33',NULL),
	(338,7,3,'Tesouraria','2017-08-04',NULL,571,0,NULL,'LEB','2017-10-18 08:06:33',NULL),
	(339,202,3,'Banco','2017-03-08',NULL,485,0,NULL,'LEB','2017-10-18 08:06:33',NULL),
	(340,178,3,'Tesouraria','2017-03-23',11.7,472.45,0,NULL,'LEB','2017-10-18 08:06:33',NULL),
	(341,96,3,'Banco','2017-03-08',NULL,615,0,NULL,'LEB','2017-10-18 08:06:33',NULL),
	(342,203,3,'Tesouraria','2017-03-27',NULL,485,0,NULL,'LEB','2017-10-18 08:06:33',NULL),
	(343,224,3,'Banco','2017-03-03',NULL,485,0,NULL,'LEB','2017-10-18 08:06:33',NULL),
	(344,204,3,'Tesouraria','2017-03-06',NULL,485,0,NULL,'LEB','2017-10-18 08:06:33',NULL),
	(345,119,3,'Banco','2017-03-08',NULL,826,0,NULL,'LEB','2017-10-18 08:06:33',NULL),
	(346,62,3,'Banco','2017-03-08',NULL,615,0,NULL,'LEB','2017-10-18 08:06:33',NULL),
	(347,37,3,'Banco','2017-03-08',NULL,615,0,NULL,'LEB','2017-10-18 08:06:33',NULL),
	(348,190,3,'Tesouraria','2017-03-07',NULL,485,0,NULL,'LEB','2017-10-18 08:06:33',NULL),
	(349,77,3,'Banco','2017-03-08',NULL,615,0,NULL,'LEB','2017-10-18 08:06:33',NULL),
	(350,38,3,'Banco','2017-03-06',NULL,615,0,NULL,'LEB','2017-10-18 08:06:33',NULL),
	(351,39,3,'Tesouraria','2017-03-07',NULL,615,0,NULL,'LEB','2017-10-18 08:06:33',NULL),
	(352,63,3,'Banco','2017-03-21',NULL,615,0,NULL,'LEB','2017-10-18 08:06:33',NULL),
	(353,179,3,'Tesouraria','2017-03-06',NULL,460.75,0,NULL,'LEB','2017-10-18 08:06:33',NULL),
	(354,145,3,'Banco','2017-03-08',NULL,860,0,NULL,'LEB','2017-10-18 08:06:33',NULL),
	(355,9,3,'Tesouraria','2017-03-06',NULL,571,0,NULL,'LEB','2017-10-18 08:06:33',NULL),
	(356,97,3,'Banco','2017-03-08',NULL,615,0,NULL,'LEB','2017-10-18 08:06:33',NULL),
	(357,40,3,'Tesouraria','2017-03-08',NULL,584.25,0,NULL,'LEB','2017-10-18 08:06:33',NULL),
	(358,225,3,'Banco','2017-03-08',NULL,460.75,0,NULL,'LEB','2017-10-18 08:06:33',NULL),
	(359,205,3,'Banco','2017-03-14',11.68,508.36,0,NULL,'LEB','2017-10-18 08:06:33',NULL),
	(360,120,3,'Banco','2017-03-07',NULL,826,0,NULL,'LEB','2017-10-18 08:06:33',NULL),
	(361,206,3,'Banco','2017-03-03',NULL,485,0,NULL,'LEB','2017-10-18 08:06:33',NULL),
	(362,78,3,'Banco','2017-03-07',NULL,615,0,NULL,'LEB','2017-10-18 08:06:33',NULL),
	(363,41,3,'Tesouraria','2017-03-27',NULL,584.25,0,NULL,'LEB','2017-10-18 08:06:33',NULL),
	(364,64,3,'Tesouraria','2017-08-16',NULL,615,0,NULL,'LEB','2017-10-18 08:06:33',NULL),
	(365,146,3,'Tesouraria','2017-09-05',69.88,929.88,0,NULL,'LEB','2017-10-18 08:06:33',NULL),
	(366,191,3,'Banco','2017-03-03',NULL,485,0,NULL,'LEB','2017-10-18 08:06:33',NULL),
	(367,121,3,'Banco','2017-03-08',NULL,826,0,NULL,'LEB','2017-10-18 08:06:33',NULL),
	(368,65,3,'Banco','2017-03-20',15.6,646.2,0,NULL,'LEB','2017-10-18 08:06:33',NULL),
	(369,227,3,'Tesouraria','2017-03-10',NULL,460.75,0,NULL,'LEB','2017-10-18 08:06:33',NULL),
	(370,66,3,'Banco','2017-03-08',NULL,615,0,NULL,'LEB','2017-10-18 08:06:33',NULL),
	(371,98,3,'Tesouraria','2017-08-16',NULL,615,0,NULL,'LEB','2017-10-18 08:06:33',NULL),
	(372,99,3,'Banco','2017-03-08',NULL,615,0,NULL,'LEB','2017-10-18 08:06:33',NULL),
	(373,159,3,'Banco','2017-03-08',NULL,860,0,NULL,'LEB','2017-10-18 08:06:33',NULL),
	(374,79,3,'Banco','2017-03-06',NULL,615,0,NULL,'LEB','2017-10-18 08:06:33',NULL),
	(375,80,3,'Banco','2017-03-08',NULL,615,0,NULL,'LEB','2017-10-18 08:06:33',NULL),
	(376,122,3,'Banco','2017-03-08',NULL,826,0,NULL,'LEB','2017-10-18 08:06:33',NULL),
	(377,100,3,'Banco','2017-03-08',NULL,615,0,NULL,'LEB','2017-10-18 08:06:33',NULL),
	(378,24,3,'Banco','2017-03-07',NULL,571,0,NULL,'LEB','2017-10-18 08:06:33',NULL),
	(379,67,3,'Tesouraria','2017-03-06',NULL,369,0,NULL,'LEB','2017-10-18 08:06:33',NULL),
	(380,208,3,'Banco','2017-03-03',NULL,485,0,NULL,'LEB','2017-10-18 08:06:33',NULL),
	(381,81,3,'Banco','2017-03-21',NULL,542,0,NULL,'LEB','2017-10-18 08:06:33',NULL),
	(382,82,3,'Tesouraria','2017-03-27',NULL,615,0,NULL,'LEB','2017-10-18 08:06:33',NULL),
	(383,42,3,'Banco','2017-03-08',NULL,615,0,NULL,'LEB','2017-10-18 08:06:33',NULL),
	(384,68,3,'Banco','2017-03-08',NULL,615,0,NULL,'LEB','2017-10-18 08:06:33',NULL),
	(385,101,3,'Tesouraria','2017-03-08',NULL,123,0,NULL,'LEB','2017-10-18 08:06:33',NULL),
	(386,43,3,'Tesouraria','2017-03-20',NULL,584.25,0,NULL,'LEB','2017-10-18 08:06:33',NULL),
	(387,25,3,'Banco','2017-03-08',NULL,571,0,NULL,'LEB','2017-10-18 08:06:33',NULL),
	(388,228,3,'Tesouraria','2017-03-08',NULL,485,0,NULL,'LEB','2017-10-18 08:06:33',NULL),
	(389,180,3,'Tesouraria','2017-03-20',NULL,460.75,0,NULL,'LEB','2017-10-18 08:06:33',NULL),
	(390,44,3,'Banco','2017-03-02',NULL,553.5,0,NULL,'LEB','2017-10-18 08:06:33',NULL),
	(391,147,3,'Banco','2017-03-08',NULL,860,0,NULL,'LEB','2017-10-18 08:06:33',NULL),
	(392,192,3,'Tesouraria','2017-03-09',NULL,485,0,NULL,'LEB','2017-10-18 08:06:33',NULL),
	(393,10,3,'Banco','2017-03-22',NULL,571,0,NULL,'LEB','2017-10-18 08:06:33',NULL),
	(394,84,3,'Banco','2017-03-08',NULL,615,0,NULL,'LEB','2017-10-18 08:06:33',NULL),
	(395,229,3,'Tesouraria','2017-03-09',NULL,485,0,NULL,'LEB','2017-10-18 08:06:33',NULL),
	(396,45,3,'Tesouraria','2017-03-09',NULL,615,0,NULL,'LEB','2017-10-18 08:06:33',NULL),
	(397,209,3,'Tesouraria','2017-04-06',14.6,499.6,0,NULL,'LEB','2017-10-18 08:06:33',NULL),
	(398,181,3,'Banco','2017-03-07',NULL,485,0,NULL,'LEB','2017-10-18 08:06:33',NULL),
	(399,148,3,'Banco','2017-03-21',NULL,860,0,NULL,'LEB','2017-10-18 08:06:33',NULL),
	(400,210,3,'Tesouraria','2017-03-07',NULL,485,0,NULL,'LEB','2017-10-18 08:06:33',NULL),
	(401,102,3,'Banco','2017-03-08',NULL,615,0,NULL,'LEB','2017-10-18 08:06:33',NULL),
	(402,103,3,'Banco','2017-03-08',NULL,615,0,NULL,'LEB','2017-10-18 08:06:33',NULL),
	(403,230,3,'Banco','2017-03-08',NULL,485,0,NULL,'LEB','2017-10-18 08:06:33',NULL),
	(404,216,3,'Tesouraria','2017-03-27',NULL,485,0,NULL,'LEB','2017-10-18 08:06:33',NULL),
	(405,170,3,'Banco','2017-03-08',NULL,860,0,NULL,'LEB','2017-10-18 08:06:33',NULL),
	(406,104,3,'Tesouraria','2017-04-04',14.64,598.89,0,NULL,'LEB','2017-10-18 08:06:33',NULL),
	(407,182,3,'Banco','2017-03-03',NULL,485,0,NULL,'LEB','2017-10-18 08:06:33',NULL),
	(408,211,3,'Tesouraria','2017-03-07',NULL,485,0,NULL,'LEB','2017-10-18 08:06:33',NULL),
	(409,149,3,'Tesouraria','2017-02-01',NULL,860,0,NULL,'LEB','2017-10-18 08:06:33',NULL),
	(410,171,3,'Banco','2017-03-08',NULL,860,0,NULL,'LEB','2017-10-18 08:06:33',NULL),
	(411,150,3,'Tesouraria','2017-03-20',NULL,860,0,NULL,'LEB','2017-10-18 08:06:33',NULL),
	(412,151,3,'Tesouraria','2017-03-09',3.56,175.56,0,NULL,'LEB','2017-10-18 08:06:33',NULL),
	(413,193,3,'Banco','2017-03-21',NULL,485,0,NULL,'LEB','2017-10-18 08:06:33',NULL),
	(414,26,3,'Tesouraria','2017-03-27',NULL,571,0,NULL,'LEB','2017-10-18 08:06:33',NULL),
	(415,212,3,'Banco','2017-03-08',NULL,485,0,NULL,'LEB','2017-10-18 08:06:33',NULL),
	(416,183,3,'Banco','2017-03-16',NULL,460.75,0,NULL,'LEB','2017-10-18 08:06:33',NULL),
	(417,123,3,'Tesouraria','2017-03-13',NULL,165.2,0,NULL,'LEB','2017-10-18 08:06:33',NULL),
	(418,213,3,'Banco','2017-03-08',NULL,485,0,NULL,'LEB','2017-10-18 08:06:33',NULL),
	(419,85,3,'Tesouraria','2017-06-19',NULL,615,0,NULL,'LEB','2017-10-18 08:06:33',NULL),
	(420,194,3,'Tesouraria','2017-03-28',NULL,485,0,NULL,'LEB','2017-10-18 08:06:33',NULL),
	(421,46,3,'Banco','2017-03-08',NULL,615,0,NULL,'LEB','2017-10-18 08:06:33',NULL),
	(422,152,3,'Banco','2017-03-16',NULL,860,0,NULL,'LEB','2017-10-18 08:06:33',NULL),
	(423,160,3,'Tesouraria','2017-04-07',NULL,817,0,NULL,'LEB','2017-10-18 08:06:33',NULL),
	(424,47,3,'Tesouraria','2017-03-06',NULL,615,0,NULL,'LEB','2017-10-18 08:06:33',NULL),
	(425,124,3,'Banco','2017-03-08',NULL,826,0,NULL,'LEB','2017-10-18 08:06:33',NULL),
	(426,214,3,'Banco','2017-04-12',21.25,527.5,0,NULL,'LEB','2017-10-18 08:06:33',NULL),
	(427,86,3,'Tesouraria','2017-04-12',17.06,632.06,0,NULL,'LEB','2017-10-18 08:06:33',NULL),
	(428,105,3,'Banco','2017-03-08',NULL,584.25,0,NULL,'LEB','2017-10-18 08:06:33',NULL),
	(429,87,3,'Banco','2017-03-08',NULL,615,0,NULL,'LEB','2017-10-18 08:06:33',NULL),
	(430,161,3,'Banco','2017-03-08',NULL,860,0,NULL,'LEB','2017-10-18 08:06:33',NULL),
	(431,125,3,'Banco','2017-03-08',NULL,826,0,NULL,'LEB','2017-10-18 08:06:33',NULL),
	(432,215,3,'Tesouraria','2017-03-09',NULL,460.75,0,NULL,'LEB','2017-10-18 08:06:33',NULL),
	(433,48,3,'Banco','2017-03-07',NULL,615,0,NULL,'LEB','2017-10-18 08:06:33',NULL),
	(434,153,3,'Banco','2017-03-08',NULL,860,0,NULL,'LEB','2017-10-18 08:06:33',NULL),
	(435,69,3,'Banco','2017-03-08',NULL,615,0,NULL,'LEB','2017-10-18 08:06:33',NULL),
	(436,107,3,'Tesouraria','2017-03-08',NULL,615,0,NULL,'LEB','2017-10-18 08:06:33',NULL),
	(437,70,3,'Banco','2017-03-07',NULL,615,0,NULL,'LEB','2017-10-18 08:06:33',NULL),
	(438,11,3,'Tesouraria','2017-04-04',14.3,585.3,0,NULL,'LEB','2017-10-18 08:06:33',NULL),
	(439,88,3,'Banco','2017-03-06',NULL,615,0,NULL,'LEB','2017-10-18 08:06:33',NULL),
	(440,173,3,'Banco','2017-03-07',NULL,860,0,NULL,'LEB','2017-10-18 08:06:33',NULL),
	(441,126,4,'Banco','2017-04-10',NULL,860,0,NULL,'LEB','2017-10-18 08:06:33',NULL),
	(442,89,4,'Tesouraria','2017-07-12',NULL,553.5,0,NULL,'LEB','2017-10-18 08:06:33',NULL),
	(443,12,4,'Banco','2017-04-12',NULL,571,0,NULL,'LEB','2017-10-18 08:06:33',NULL),
	(444,217,4,'Tesouraria','2017-03-31',NULL,460.75,0,NULL,'LEB','2017-10-18 08:06:33',NULL),
	(445,195,4,'Banco','2017-04-04',NULL,485,0,NULL,'LEB','2017-10-18 08:06:33',NULL),
	(446,13,4,'Banco','2017-04-06',NULL,571,0,NULL,'LEB','2017-10-18 08:06:33',NULL),
	(447,1,4,'Tesouraria','2017-04-07',NULL,571,0,NULL,'LEB','2017-10-18 08:06:33',NULL),
	(448,49,4,'Banco','2017-04-06',NULL,615,0,NULL,'LEB','2017-10-18 08:06:33',NULL),
	(449,128,4,'Banco','2017-04-10',NULL,860,0,NULL,'LEB','2017-10-18 08:06:33',NULL),
	(450,154,4,'Banco','2017-04-10',NULL,774,0,NULL,'LEB','2017-10-18 08:06:33',NULL),
	(451,14,4,'Banco','2017-04-10',NULL,571,0,NULL,'LEB','2017-10-18 08:06:33',NULL),
	(452,50,4,'Banco','2017-04-10',NULL,615,0,NULL,'LEB','2017-10-18 08:06:33',NULL),
	(453,15,4,'Tesouraria','2017-04-12',NULL,571,0,NULL,'LEB','2017-10-18 08:06:33',NULL),
	(454,71,4,'Tesouraria','2017-04-10',NULL,615,0,NULL,'LEB','2017-10-18 08:06:33',NULL),
	(455,72,4,'Tesouraria','2017-04-07',NULL,615,0,NULL,'LEB','2017-10-18 08:06:33',NULL),
	(456,162,4,'Banco','2017-04-04',NULL,860,0,NULL,'LEB','2017-10-18 08:06:33',NULL),
	(457,129,4,'Tesouraria','2017-03-27',NULL,860,0,NULL,'LEB','2017-10-18 08:06:33',NULL),
	(458,52,4,'Tesouraria','2017-07-11',NULL,615,0,NULL,'LEB','2017-10-18 08:06:33',NULL),
	(459,53,4,'Tesouraria','2017-04-18',NULL,123,0,NULL,'LEB','2017-10-18 08:06:33',NULL),
	(460,218,4,'Tesouraria','2017-06-07',19.66,504.66,0,NULL,'LEB','2017-10-18 08:06:33',NULL),
	(461,184,4,'Banco','2017-04-07',NULL,485,0,NULL,'LEB','2017-10-18 08:06:33',NULL),
	(462,73,4,'Tesouraria','2017-03-27',NULL,615,0,NULL,'LEB','2017-10-18 08:06:33',NULL),
	(463,90,4,'Banco','2017-03-31',NULL,615,0,NULL,'LEB','2017-10-18 08:06:33',NULL),
	(464,55,4,'Banco','2017-04-24',NULL,615,0,NULL,'LEB','2017-10-18 08:06:33',NULL),
	(465,17,4,'Banco','2017-04-25',NULL,571,0,NULL,'LEB','2017-10-18 08:06:33',NULL),
	(466,108,4,'Tesouraria','2017-04-11',NULL,165.2,0,NULL,'LEB','2017-10-18 08:06:33',NULL),
	(467,18,4,'Tesouraria','2017-03-29',NULL,571,0,NULL,'LEB','2017-10-18 08:06:33',NULL),
	(468,155,4,'Tesouraria','2017-04-17',NULL,860,0,NULL,'LEB','2017-10-18 08:06:33',NULL),
	(469,163,4,'Banco','2017-04-10',NULL,860,0,NULL,'LEB','2017-10-18 08:06:33',NULL),
	(470,109,4,'Banco','2017-04-10',NULL,826,0,NULL,'LEB','2017-10-18 08:06:33',NULL),
	(471,164,4,'Tesouraria','2017-07-03',NULL,172,0,NULL,'LEB','2017-10-18 08:06:33',NULL),
	(472,130,4,'Tesouraria','2017-07-07',NULL,860,0,NULL,'LEB','2017-10-18 08:06:33',NULL),
	(473,110,4,'Banco','2017-04-10',NULL,826,0,NULL,'LEB','2017-10-18 08:06:33',NULL),
	(474,219,4,'Banco','2017-04-10',NULL,485,0,NULL,'LEB','2017-10-18 08:06:33',NULL),
	(475,91,4,'Tesouraria','2017-04-10',NULL,615,0,NULL,'LEB','2017-10-18 08:06:33',NULL),
	(476,131,4,'Tesouraria','2017-04-07',NULL,172,0,NULL,'LEB','2017-10-18 08:06:33',NULL),
	(477,220,4,'Banco','2017-04-10',NULL,485,0,NULL,'LEB','2017-10-18 08:06:33',NULL),
	(478,132,4,'Banco','2017-04-10',NULL,860,0,NULL,'LEB','2017-10-18 08:06:33',NULL),
	(479,196,4,'Tesouraria','2017-04-07',NULL,460.75,0,NULL,'LEB','2017-10-18 08:06:33',NULL),
	(480,111,4,'Banco','2017-04-10',NULL,826,0,NULL,'LEB','2017-10-18 08:06:33',NULL),
	(481,74,4,'Banco','2017-04-10',NULL,615,0,NULL,'LEB','2017-10-18 08:06:33',NULL),
	(482,112,4,'Tesouraria','2017-05-23',29.31,855.31,0,NULL,'LEB','2017-10-18 08:06:33',NULL),
	(483,113,4,'Banco','2017-04-10',NULL,826,0,NULL,'LEB','2017-10-18 08:06:33',NULL),
	(484,197,4,'Banco','2017-04-06',NULL,485,0,NULL,'LEB','2017-10-18 08:06:33',NULL),
	(485,114,4,'Banco','2017-04-04',NULL,826,0,NULL,'LEB','2017-10-18 08:06:33',NULL),
	(486,133,4,'Banco','2017-03-31',NULL,860,0,NULL,'LEB','2017-10-18 08:06:33',NULL),
	(487,185,4,'Tesouraria','2017-06-05',19.33,504.33,0,NULL,'LEB','2017-10-18 08:06:33',NULL),
	(488,134,4,'Tesouraria','2017-04-24',NULL,860,0,NULL,'LEB','2017-10-18 08:06:33',NULL),
	(489,198,4,'Tesouraria','2017-08-04',NULL,460.75,0,NULL,'LEB','2017-10-18 08:06:33',NULL),
	(490,92,4,'Tesouraria','2017-04-03',NULL,615,0,NULL,'LEB','2017-10-18 08:06:33',NULL),
	(491,93,4,'Tesouraria','2017-04-10',NULL,615,0,NULL,'LEB','2017-10-18 08:06:33',NULL),
	(492,115,4,'Tesouraria','2017-04-26',NULL,165.2,0,NULL,'LEB','2017-10-18 08:06:33',NULL),
	(493,135,4,'Tesouraria','2017-04-20',NULL,860,0,NULL,'LEB','2017-10-18 08:06:33',NULL),
	(494,136,4,'Banco','2017-03-30',NULL,860,0,NULL,'LEB','2017-10-18 08:06:33',NULL),
	(495,2,4,'Banco','2017-04-10',NULL,571,0,NULL,'LEB','2017-10-18 08:06:33',NULL),
	(496,56,4,'Banco','2017-04-06',NULL,615,0,NULL,'LEB','2017-10-18 08:06:33',NULL),
	(497,94,4,'Tesouraria','2017-04-25',NULL,615,0,NULL,'LEB','2017-10-18 08:06:33',NULL),
	(498,166,4,'Banco','2017-03-31',NULL,700,0,NULL,'LEB','2017-10-18 08:06:33',NULL),
	(499,20,4,'Banco','2017-04-10',NULL,571,0,NULL,'LEB','2017-10-18 08:06:33',NULL),
	(500,137,4,'Banco','2017-04-20',NULL,860,0,NULL,'LEB','2017-10-18 08:06:33',NULL),
	(501,27,4,'Tesouraria','2017-05-05',15.41,630.41,0,NULL,'LEB','2017-10-18 08:06:33',NULL),
	(502,22,4,'Banco','2017-04-07',NULL,571,0,NULL,'LEB','2017-10-18 08:06:33',NULL),
	(503,138,4,'Banco','2017-04-26',NULL,600,0,NULL,'LEB','2017-10-18 08:06:33',NULL),
	(504,95,4,'Banco','2017-04-05',NULL,615,0,NULL,'LEB','2017-10-18 08:06:33',NULL),
	(505,28,4,'Tesouraria','2017-02-02',NULL,615,0,NULL,'LEB','2017-10-18 08:06:33',NULL),
	(506,156,4,'Tesouraria','2017-05-10',26.75,886.75,0,NULL,'LEB','2017-10-18 08:06:33',NULL),
	(507,186,4,'Banco','2017-03-31',NULL,485,0,NULL,'LEB','2017-10-18 08:06:33',NULL),
	(508,157,4,'Banco','2017-04-11',NULL,860,0,NULL,'LEB','2017-10-18 08:06:33',NULL),
	(509,139,4,'Banco','2017-04-07',NULL,860,0,NULL,'LEB','2017-10-18 08:06:33',NULL),
	(510,168,4,'Banco','2017-04-10',NULL,516,0,NULL,'LEB','2017-10-18 08:06:33',NULL),
	(511,140,4,'Banco','2017-04-10',NULL,215,0,NULL,'LEB','2017-10-18 08:06:33',NULL),
	(512,3,4,'Banco','2017-03-29',NULL,571,0,NULL,'LEB','2017-10-18 08:06:33',NULL),
	(513,29,4,'Banco','2017-03-28',NULL,615,0,NULL,'LEB','2017-10-18 08:06:33',NULL),
	(514,75,4,'Banco','2017-08-24',26.87,457.37,0,NULL,'LEB','2017-10-18 08:06:33',NULL),
	(515,187,4,'Banco','2017-04-03',NULL,485,0,NULL,'LEB','2017-10-18 08:06:33',NULL),
	(516,169,4,'Tesouraria','2017-07-07',NULL,860,0,NULL,'LEB','2017-10-18 08:06:33',NULL),
	(517,57,4,'Tesouraria','2017-02-01',NULL,615,0,NULL,'LEB','2017-10-18 08:06:33',NULL),
	(518,58,4,'Banco','2017-04-10',NULL,615,0,NULL,'LEB','2017-10-18 08:06:33',NULL),
	(519,188,4,'Tesouraria','2017-04-07',NULL,436.5,0,NULL,'LEB','2017-10-18 08:06:33',NULL),
	(520,174,4,'Banco','2017-04-10',NULL,485,0,NULL,'LEB','2017-10-18 08:06:33',NULL),
	(521,221,4,'Banco','2017-04-10',NULL,460.75,0,NULL,'LEB','2017-10-18 08:06:33',NULL),
	(522,141,4,'Banco','2017-04-10',NULL,860,0,NULL,'LEB','2017-10-18 08:06:33',NULL),
	(523,142,4,'Banco','2017-04-10',NULL,860,0,NULL,'LEB','2017-10-18 08:06:33',NULL),
	(524,30,4,'Banco','2017-04-10',NULL,615,0,NULL,'LEB','2017-10-18 08:06:33',NULL),
	(525,59,4,'Tesouraria','2017-03-27',NULL,584.25,0,NULL,'LEB','2017-10-18 08:06:33',NULL),
	(526,222,4,'Banco','2017-04-04',NULL,97,0,NULL,'LEB','2017-10-18 08:06:33',NULL),
	(527,189,4,'Banco','2017-04-06',NULL,485,0,NULL,'LEB','2017-10-18 08:06:33',NULL),
	(528,116,4,'Banco','2017-04-10',NULL,826,0,NULL,'LEB','2017-10-18 08:06:33',NULL),
	(529,199,4,'Banco','2017-04-10',NULL,485,0,NULL,'LEB','2017-10-18 08:06:33',NULL),
	(530,200,4,'Tesouraria','2017-07-12',23.25,508.25,0,NULL,'LEB','2017-10-18 08:06:33',NULL),
	(531,117,4,'Tesouraria','2017-09-06',NULL,826,0,NULL,'LEB','2017-10-18 08:06:33',NULL),
	(532,176,4,'Tesouraria','2017-04-12',NULL,436.5,0,NULL,'LEB','2017-10-18 08:06:33',NULL),
	(533,23,4,'Banco','2017-04-10',NULL,114.2,0,NULL,'LEB','2017-10-18 08:06:33',NULL),
	(534,31,4,'Tesouraria','2017-07-06',NULL,615,0,NULL,'LEB','2017-10-18 08:06:33',NULL),
	(535,32,4,'Banco','2017-04-10',NULL,615,0,NULL,'LEB','2017-10-18 08:06:33',NULL),
	(536,5,4,'Banco','2017-04-12',NULL,571,0,NULL,'LEB','2017-10-18 08:06:33',NULL),
	(537,61,4,'Tesouraria','2017-04-25',NULL,584.25,0,NULL,'LEB','2017-10-18 08:06:33',NULL),
	(538,177,4,'Banco','2017-04-24',NULL,485,0,NULL,'LEB','2017-10-18 08:06:33',NULL),
	(539,143,4,'Tesouraria','2017-08-04',NULL,860,0,NULL,'LEB','2017-10-18 08:06:33',NULL),
	(540,33,4,'Tesouraria','2017-04-11',NULL,307.5,0,NULL,'LEB','2017-10-18 08:06:33',NULL),
	(541,6,4,'Tesouraria','2017-04-18',NULL,571,0,NULL,'LEB','2017-10-18 08:06:33',NULL),
	(542,158,4,'Banco','2017-03-30',NULL,860,0,NULL,'LEB','2017-10-18 08:06:33',NULL),
	(543,144,4,'Tesouraria','2017-04-20',NULL,817,0,NULL,'LEB','2017-10-18 08:06:33',NULL),
	(544,34,4,'Banco','2017-04-10',NULL,615,0,NULL,'LEB','2017-10-18 08:06:33',NULL),
	(545,35,4,'Tesouraria','2017-03-30',NULL,615,0,NULL,'LEB','2017-10-18 08:06:33',NULL),
	(546,223,4,'Banco','2017-04-10',NULL,485,0,NULL,'LEB','2017-10-18 08:06:33',NULL),
	(547,36,4,'Tesouraria','2017-08-16',NULL,615,0,NULL,'LEB','2017-10-18 08:06:33',NULL),
	(548,201,4,'Banco','2017-04-10',NULL,445,0,NULL,'LEB','2017-10-18 08:06:33',NULL),
	(549,7,4,'Tesouraria','2017-08-04',NULL,571,0,NULL,'LEB','2017-10-18 08:06:33',NULL),
	(550,202,4,'Banco','2017-04-10',NULL,485,0,NULL,'LEB','2017-10-18 08:06:33',NULL),
	(551,178,4,'Banco','2017-04-10',NULL,485,0,NULL,'LEB','2017-10-18 08:06:33',NULL),
	(552,96,4,'Tesouraria','2017-04-10',12.92,627.92,0,NULL,'LEB','2017-10-18 08:06:33',NULL),
	(553,203,4,'Tesouraria','2017-04-05',NULL,485,0,NULL,'LEB','2017-10-18 08:06:33',NULL),
	(554,224,4,'Banco','2017-04-04',NULL,485,0,NULL,'LEB','2017-10-18 08:06:33',NULL),
	(555,204,4,'Banco','2017-04-05',NULL,485,0,NULL,'LEB','2017-10-18 08:06:33',NULL),
	(556,119,4,'Banco','2017-04-10',NULL,826,0,NULL,'LEB','2017-10-18 08:06:33',NULL),
	(557,62,4,'Banco','2017-04-10',NULL,615,0,NULL,'LEB','2017-10-18 08:06:33',NULL),
	(558,190,4,'Tesouraria','2017-04-07',NULL,500,0,NULL,'LEB','2017-10-18 08:06:33',NULL),
	(559,77,4,'Banco','2017-04-10',NULL,615,0,NULL,'LEB','2017-10-18 08:06:33',NULL),
	(560,38,4,'Banco','2017-04-05',NULL,615,0,NULL,'LEB','2017-10-18 08:06:33',NULL),
	(561,39,4,'Banco','2017-04-10',NULL,615,0,NULL,'LEB','2017-10-18 08:06:33',NULL),
	(562,63,4,'Banco','2017-04-26',12.96,640.92,0,NULL,'LEB','2017-10-18 08:06:33',NULL),
	(563,179,4,'Tesouraria','2017-03-31',NULL,460.75,0,NULL,'LEB','2017-10-18 08:06:33',NULL),
	(564,145,4,'Banco','2017-04-10',NULL,860,0,NULL,'LEB','2017-10-18 08:06:33',NULL),
	(565,9,4,'Tesouraria','2017-04-06',NULL,571,0,NULL,'LEB','2017-10-18 08:06:33',NULL),
	(566,97,4,'Tesouraria','2017-04-17',14.37,629.37,0,NULL,'LEB','2017-10-18 08:06:33',NULL),
	(567,40,4,'Tesouraria','2017-04-10',NULL,584.25,0,NULL,'LEB','2017-10-18 08:06:33',NULL),
	(568,225,4,'Tesouraria','2017-04-17',10.77,471.52,0,NULL,'LEB','2017-10-18 08:06:33',NULL),
	(569,205,4,'Banco','2017-04-07',NULL,485,0,NULL,'LEB','2017-10-18 08:06:33',NULL),
	(570,120,4,'Banco','2017-04-06',NULL,826,0,NULL,'LEB','2017-10-18 08:06:33',NULL),
	(571,206,4,'Banco','2017-04-06',NULL,485,0,NULL,'LEB','2017-10-18 08:06:33',NULL),
	(572,78,4,'Banco','2017-04-03',NULL,615,0,NULL,'LEB','2017-10-18 08:06:33',NULL),
	(573,41,4,'Tesouraria','2017-04-03',NULL,584.25,0,NULL,'LEB','2017-10-18 08:06:33',NULL),
	(574,64,4,'Tesouraria','2017-08-16',NULL,615,0,NULL,'LEB','2017-10-18 08:06:33',NULL),
	(575,146,4,'Tesouraria','2017-09-05',60.91,920.91,0,NULL,'LEB','2017-10-18 08:06:33',NULL),
	(576,191,4,'Banco','2017-04-04',NULL,485,0,NULL,'LEB','2017-10-18 08:06:33',NULL),
	(577,121,4,'Banco','2017-04-10',NULL,826,0,NULL,'LEB','2017-10-18 08:06:33',NULL),
	(578,65,4,'Banco','2017-06-27',37.71,690.42,0,NULL,'LEB','2017-10-18 08:06:33',NULL),
	(579,227,4,'Tesouraria','2017-04-05',NULL,460.7,0,NULL,'LEB','2017-10-18 08:06:33',NULL),
	(580,66,4,'Banco','2017-04-04',NULL,615,0,NULL,'LEB','2017-10-18 08:06:33',NULL),
	(581,98,4,'Tesouraria','2017-08-16',NULL,615,0,NULL,'LEB','2017-10-18 08:06:33',NULL),
	(582,99,4,'Tesouraria','2017-04-10',NULL,615,0,NULL,'LEB','2017-10-18 08:06:33',NULL),
	(583,159,4,'Banco','2017-04-10',NULL,860,0,NULL,'LEB','2017-10-18 08:06:33',NULL),
	(584,79,4,'Banco','2017-04-04',NULL,615,0,NULL,'LEB','2017-10-18 08:06:33',NULL),
	(585,80,4,'Banco','2017-04-06',NULL,615,0,NULL,'LEB','2017-10-18 08:06:33',NULL),
	(586,122,4,'Banco','2017-04-10',NULL,826,0,NULL,'LEB','2017-10-18 08:06:33',NULL),
	(587,100,4,'Banco','2017-04-10',NULL,615,0,NULL,'LEB','2017-10-18 08:06:33',NULL),
	(588,24,4,'Banco','2017-04-07',NULL,571,0,NULL,'LEB','2017-10-18 08:06:33',NULL),
	(589,67,4,'Tesouraria','2017-04-04',NULL,369,0,NULL,'LEB','2017-10-18 08:06:33',NULL),
	(590,208,4,'Banco','2017-04-10',NULL,485,0,NULL,'LEB','2017-10-18 08:06:33',NULL),
	(591,82,4,'Banco','2017-04-10',NULL,615,0,NULL,'LEB','2017-10-18 08:06:33',NULL),
	(592,42,4,'Tesouraria','2017-04-05',NULL,615,0,NULL,'LEB','2017-10-18 08:06:33',NULL),
	(593,68,4,'Banco','2017-04-10',NULL,615,0,NULL,'LEB','2017-10-18 08:06:33',NULL),
	(594,101,4,'Tesouraria','2017-04-11',NULL,123,0,NULL,'LEB','2017-10-18 08:06:33',NULL),
	(595,43,4,'Banco','2017-04-20',NULL,584.25,0,NULL,'LEB','2017-10-18 08:06:33',NULL),
	(596,25,4,'Banco','2017-04-10',NULL,571,0,NULL,'LEB','2017-10-18 08:06:33',NULL),
	(597,228,4,'Tesouraria','2017-04-10',NULL,485,0,NULL,'LEB','2017-10-18 08:06:33',NULL),
	(598,44,4,'Banco','2017-04-04',NULL,553.5,0,NULL,'LEB','2017-10-18 08:06:33',NULL),
	(599,147,4,'Banco','2017-04-12',18.52,897.04,0,NULL,'LEB','2017-10-18 08:06:33',NULL),
	(600,192,4,'Banco','2017-04-05',NULL,485,0,NULL,'LEB','2017-10-18 08:06:33',NULL),
	(601,10,4,'Banco','2017-04-25',NULL,571,0,NULL,'LEB','2017-10-18 08:06:33',NULL),
	(602,84,4,'Banco','2017-04-04',NULL,615,0,NULL,'LEB','2017-10-18 08:06:33',NULL),
	(603,229,4,'Tesouraria','2017-05-16',NULL,485,0,NULL,'LEB','2017-10-18 08:06:33',NULL),
	(604,45,4,'Banco','2017-04-10',NULL,615,0,NULL,'LEB','2017-10-18 08:06:33',NULL),
	(605,209,4,'Tesouraria','2017-05-02',13.78,498.78,0,NULL,'LEB','2017-10-18 08:06:33',NULL),
	(606,181,4,'Banco','2017-04-03',NULL,485,0,NULL,'LEB','2017-10-18 08:06:33',NULL),
	(607,210,4,'Banco','2017-04-07',NULL,485,0,NULL,'LEB','2017-10-18 08:06:33',NULL),
	(608,102,4,'Banco','2017-03-30',NULL,615,0,NULL,'LEB','2017-10-18 08:06:33',NULL),
	(609,103,4,'Banco','2017-04-10',NULL,615,0,NULL,'LEB','2017-10-18 08:06:33',NULL),
	(610,230,4,'Banco','2017-04-10',NULL,485,0,NULL,'LEB','2017-10-18 08:06:33',NULL),
	(611,216,4,'Tesouraria','2017-04-26',NULL,485,0,NULL,'LEB','2017-10-18 08:06:33',NULL),
	(612,170,4,'Banco','2017-04-10',NULL,860,0,NULL,'LEB','2017-10-18 08:06:33',NULL),
	(613,104,4,'Tesouraria','2017-06-21',14.45,598.7,0,NULL,'LEB','2017-10-18 08:06:33',NULL),
	(614,182,4,'Banco','2017-04-04',NULL,485,0,NULL,'LEB','2017-10-18 08:06:33',NULL),
	(615,211,4,'Tesouraria','2017-03-31',NULL,485,0,NULL,'LEB','2017-10-18 08:06:33',NULL),
	(616,149,4,'Tesouraria','2017-02-01',NULL,860,0,NULL,'LEB','2017-10-18 08:06:33',NULL),
	(617,171,4,'Banco','2017-04-05',NULL,860,0,NULL,'LEB','2017-10-18 08:06:33',NULL),
	(618,150,4,'Tesouraria','2017-04-20',NULL,860,0,NULL,'LEB','2017-10-18 08:06:33',NULL),
	(619,151,4,'Tesouraria','2017-04-10',NULL,172,0,NULL,'LEB','2017-10-18 08:06:33',NULL),
	(620,26,4,'Tesouraria','2017-04-05',NULL,571,0,NULL,'LEB','2017-10-18 08:06:33',NULL),
	(621,212,4,'Banco','2017-04-10',NULL,485,0,NULL,'LEB','2017-10-18 08:06:33',NULL),
	(622,183,4,'Banco','2017-04-24',NULL,461.75,0,NULL,'LEB','2017-10-18 08:06:33',NULL),
	(623,123,4,'Tesouraria','2017-04-11',NULL,165.2,0,NULL,'LEB','2017-10-18 08:06:33',NULL),
	(624,213,4,'Banco','2017-04-10',NULL,485,0,NULL,'LEB','2017-10-18 08:06:33',NULL),
	(625,85,4,'Banco','2017-04-24',NULL,615,0,NULL,'LEB','2017-10-18 08:06:33',NULL),
	(626,194,4,'Tesouraria','2017-04-06',NULL,291,0,NULL,'LEB','2017-10-18 08:06:33',NULL),
	(627,46,4,'Banco','2017-03-30',NULL,553.5,0,NULL,'LEB','2017-10-18 08:06:33',NULL),
	(628,152,4,'Banco','2017-04-19',NULL,860,0,NULL,'LEB','2017-10-18 08:06:33',NULL),
	(629,160,4,'Tesouraria','2017-05-09',NULL,860,0,NULL,'LEB','2017-10-18 08:06:33',NULL),
	(630,47,4,'Tesouraria','2017-03-31',NULL,615,0,NULL,'LEB','2017-10-18 08:06:33',NULL),
	(631,124,4,'Banco','2017-04-10',NULL,826,0,NULL,'LEB','2017-10-18 08:06:33',NULL),
	(632,214,4,'Banco','2017-04-12',11.02,507.04,0,NULL,'LEB','2017-10-18 08:06:33',NULL),
	(633,86,4,'Tesouraria','2017-05-09',16.25,631.25,0,NULL,'LEB','2017-10-18 08:06:33',NULL),
	(634,105,4,'Banco','2017-04-10',NULL,584.25,0,NULL,'LEB','2017-10-18 08:06:33',NULL),
	(635,87,4,'Banco','2017-04-10',NULL,615,0,NULL,'LEB','2017-10-18 08:06:33',NULL),
	(636,161,4,'Banco','2017-04-10',NULL,860,0,NULL,'LEB','2017-10-18 08:06:33',NULL),
	(637,125,4,'Banco','2017-04-10',NULL,826,0,NULL,'LEB','2017-10-18 08:06:33',NULL),
	(638,215,4,'Banco','2017-04-10',NULL,460.75,0,NULL,'LEB','2017-10-18 08:06:33',NULL),
	(639,48,4,'Banco','2017-04-07',NULL,615,0,NULL,'LEB','2017-10-18 08:06:33',NULL),
	(640,153,4,'Banco','2017-03-30',NULL,860,0,NULL,'LEB','2017-10-18 08:06:33',NULL),
	(641,69,4,'Banco','2017-04-10',NULL,615,0,NULL,'LEB','2017-10-18 08:06:33',NULL),
	(642,107,4,'Banco','2017-04-10',NULL,615,0,NULL,'LEB','2017-10-18 08:06:33',NULL),
	(643,70,4,'Banco','2017-04-04',NULL,615,0,NULL,'LEB','2017-10-18 08:06:33',NULL),
	(644,11,4,'Tesouraria','2017-06-02',19.68,590.68,0,NULL,'LEB','2017-10-18 08:06:33',NULL),
	(645,88,4,'Banco','2017-04-10',NULL,615,0,NULL,'LEB','2017-10-18 08:06:33',NULL),
	(646,173,4,'Banco','2017-03-31',NULL,860,0,NULL,'LEB','2017-10-18 08:06:33',NULL),
	(647,126,5,'Banco','2017-05-09',NULL,860,0,NULL,'LEB','2017-10-18 08:06:33',NULL),
	(648,89,5,'Tesouraria','2017-08-08',NULL,553.5,0,NULL,'LEB','2017-10-18 08:06:33',NULL),
	(649,12,5,'Tesouraria','2017-05-05',NULL,571,0,NULL,'LEB','2017-10-18 08:06:33',NULL),
	(650,217,5,'Tesouraria','2017-05-03',NULL,460.75,0,NULL,'LEB','2017-10-18 08:06:33',NULL),
	(651,195,5,'Banco','2017-05-04',NULL,485,0,NULL,'LEB','2017-10-18 08:06:33',NULL),
	(652,13,5,'Banco','2017-05-08',NULL,571,0,NULL,'LEB','2017-10-18 08:06:33',NULL),
	(653,1,5,'Tesouraria','2017-05-05',NULL,571,0,NULL,'LEB','2017-10-18 08:06:33',NULL),
	(654,49,5,'Banco','2017-05-10',13.29,641.58,0,NULL,'LEB','2017-10-18 08:06:33',NULL),
	(655,128,5,'Banco','2017-05-09',NULL,860,0,NULL,'LEB','2017-10-18 08:06:33',NULL),
	(656,154,5,'Tesouraria','2017-05-08',NULL,774,0,NULL,'LEB','2017-10-18 08:06:33',NULL),
	(657,14,5,'Banco','2017-05-09',NULL,571,0,NULL,'LEB','2017-10-18 08:06:33',NULL),
	(658,50,5,'Banco','2017-05-09',NULL,615,0,NULL,'LEB','2017-10-18 08:06:33',NULL),
	(659,51,5,'Banco','2017-05-24',NULL,615,0,NULL,'LEB','2017-10-18 08:06:33',NULL),
	(660,15,5,'Tesouraria','2017-05-11',12.57,583.57,0,NULL,'LEB','2017-10-18 08:06:33',NULL),
	(661,71,5,'Banco','2017-05-09',NULL,615,0,NULL,'LEB','2017-10-18 08:06:33',NULL),
	(662,72,5,'Tesouraria','2017-05-05',NULL,615,0,NULL,'LEB','2017-10-18 08:06:33',NULL),
	(663,162,5,'Banco','2017-07-06',NULL,860,0,NULL,'LEB','2017-10-18 08:06:33',NULL),
	(664,129,5,'Tesouraria','2017-03-27',NULL,860,0,NULL,'LEB','2017-10-18 08:06:33',NULL),
	(665,52,5,'Banco','2017-05-04',NULL,615,0,NULL,'LEB','2017-10-18 08:06:33',NULL),
	(666,53,5,'Tesouraria','2017-05-08',NULL,123,0,NULL,'LEB','2017-10-18 08:06:33',NULL),
	(667,218,5,'Tesouraria','2017-06-07',15.09,500.09,0,NULL,'LEB','2017-10-18 08:06:33',NULL),
	(668,184,5,'Banco','2017-05-04',NULL,485,0,NULL,'LEB','2017-10-18 08:06:33',NULL),
	(669,73,5,'Tesouraria','2017-03-27',NULL,615,0,NULL,'LEB','2017-10-18 08:06:33',NULL),
	(670,90,5,'Banco','2017-04-27',NULL,615,0,NULL,'LEB','2017-10-18 08:06:33',NULL),
	(671,55,5,'Tesouraria','2017-06-09',16.44,631.44,0,NULL,'LEB','2017-10-18 08:06:33',NULL),
	(672,17,5,'Banco','2017-05-24',NULL,571,0,NULL,'LEB','2017-10-18 08:06:33',NULL),
	(673,108,5,'Banco','2017-05-09',NULL,165.2,0,NULL,'LEB','2017-10-18 08:06:33',NULL),
	(674,18,5,'Banco','2017-06-07',NULL,571,0,NULL,'LEB','2017-10-18 08:06:33',NULL),
	(675,155,5,'Tesouraria','2017-05-10',NULL,860,0,NULL,'LEB','2017-10-18 08:06:33',NULL),
	(676,163,5,'Banco','2017-05-09',NULL,860,0,NULL,'LEB','2017-10-18 08:06:33',NULL),
	(677,109,5,'Banco','2017-05-09',NULL,826,0,NULL,'LEB','2017-10-18 08:06:33',NULL),
	(678,164,5,'Tesouraria','2017-07-03',NULL,172,0,NULL,'LEB','2017-10-18 08:06:33',NULL),
	(679,130,5,'Tesouraria','2017-07-12',NULL,860,0,NULL,'LEB','2017-10-18 08:06:33',NULL),
	(680,110,5,'Banco','2017-05-09',NULL,826,0,NULL,'LEB','2017-10-18 08:06:33',NULL),
	(681,219,5,'Banco','2017-05-05',NULL,485,0,NULL,'LEB','2017-10-18 08:06:33',NULL),
	(682,91,5,'Tesouraria','2017-05-08',NULL,615,0,NULL,'LEB','2017-10-18 08:06:33',NULL),
	(683,131,5,'Tesouraria','2017-05-08',NULL,172,0,NULL,'LEB','2017-10-18 08:06:33',NULL),
	(684,220,5,'Banco','2017-05-09',NULL,485,0,NULL,'LEB','2017-10-18 08:06:33',NULL),
	(685,132,5,'Banco','2017-05-09',NULL,860,0,NULL,'LEB','2017-10-18 08:06:33',NULL),
	(686,196,5,'Tesouraria','2017-05-05',NULL,460.75,0,NULL,'LEB','2017-10-18 08:06:33',NULL),
	(687,111,5,'Tesouraria','2017-05-08',NULL,826,0,NULL,'LEB','2017-10-18 08:06:33',NULL),
	(688,74,5,'Banco','2017-05-12',NULL,615,0,NULL,'LEB','2017-10-18 08:06:33',NULL),
	(689,112,5,'Tesouraria','2017-05-23',21.52,847.52,0,NULL,'LEB','2017-10-18 08:06:33',NULL),
	(690,113,5,'Banco','2017-05-09',NULL,826,0,NULL,'LEB','2017-10-18 08:06:33',NULL),
	(691,197,5,'Banco','2017-05-09',NULL,485,0,NULL,'LEB','2017-10-18 08:06:33',NULL),
	(692,114,5,'Banco','2017-05-05',NULL,826,0,NULL,'LEB','2017-10-18 08:06:33',NULL),
	(693,133,5,'Banco','2017-05-02',NULL,860,0,NULL,'LEB','2017-10-18 08:06:33',NULL),
	(694,185,5,'Tesouraria','2017-08-02',24.23,509.23,0,NULL,'LEB','2017-10-18 08:06:33',NULL),
	(695,134,5,'Banco','2017-05-24',NULL,860,0,NULL,'LEB','2017-10-18 08:06:33',NULL),
	(696,92,5,'Tesouraria','2017-05-03',NULL,615,0,NULL,'LEB','2017-10-18 08:06:33',NULL),
	(697,93,5,'Banco','2017-05-09',NULL,615,0,NULL,'LEB','2017-10-18 08:06:33',NULL),
	(698,115,5,'Tesouraria','2017-05-29',NULL,165.2,0,NULL,'LEB','2017-10-18 08:06:33',NULL),
	(699,135,5,'Banco','2017-05-09',NULL,860,0,NULL,'LEB','2017-10-18 08:06:33',NULL),
	(700,136,5,'Tesouraria','2017-09-06',NULL,860,0,NULL,'LEB','2017-10-18 08:06:33',NULL),
	(701,2,5,'Banco','2017-05-09',NULL,571,0,NULL,'LEB','2017-10-18 08:06:33',NULL),
	(702,56,5,'Banco','2017-05-04',NULL,615,0,NULL,'LEB','2017-10-18 08:06:33',NULL),
	(703,94,5,'Tesouraria','2017-06-09',16.44,631.44,0,NULL,'LEB','2017-10-18 08:06:33',NULL),
	(704,166,5,'Banco','2017-05-05',NULL,700,0,NULL,'LEB','2017-10-18 08:06:33',NULL),
	(705,20,5,'Banco','2017-05-09',NULL,571,0,NULL,'LEB','2017-10-18 08:06:33',NULL),
	(706,137,5,'Tesouraria','2017-05-24',18.36,878.36,0,NULL,'LEB','2017-10-18 08:06:33',NULL),
	(707,27,5,'Tesouraria','2017-06-08',16.45,631.45,0,NULL,'LEB','2017-10-18 08:06:33',NULL),
	(708,22,5,'Banco','2017-05-11',12.74,596.48,0,NULL,'LEB','2017-10-18 08:06:33',NULL),
	(709,138,5,'Tesouraria','2017-05-22',NULL,600,0,NULL,'LEB','2017-10-18 08:06:33',NULL),
	(710,95,5,'Banco','2017-05-04',NULL,615,0,NULL,'LEB','2017-10-18 08:06:33',NULL),
	(711,28,5,'Tesouraria','2017-02-02',NULL,615,0,NULL,'LEB','2017-10-18 08:06:33',NULL),
	(712,156,5,'Tesouraria','2017-08-04',NULL,860,0,NULL,'LEB','2017-10-18 08:06:33',NULL),
	(713,186,5,'Banco','2017-05-09',NULL,485,0,NULL,'LEB','2017-10-18 08:06:33',NULL),
	(714,157,5,'Banco','2017-05-11',NULL,860,0,NULL,'LEB','2017-10-18 08:06:33',NULL),
	(715,139,5,'Banco','2017-05-09',NULL,860,0,NULL,'LEB','2017-10-18 08:06:33',NULL),
	(716,168,5,'Banco','2017-05-09',NULL,860,0,NULL,'LEB','2017-10-18 08:06:33',NULL),
	(717,140,5,'Banco','2017-05-09',NULL,215,0,NULL,'LEB','2017-10-18 08:06:33',NULL),
	(718,3,5,'Tesouraria','2017-03-31',NULL,571,0,NULL,'LEB','2017-10-18 08:06:33',NULL),
	(719,29,5,'Banco','2017-04-27',NULL,615,0,NULL,'LEB','2017-10-18 08:06:33',NULL),
	(720,187,5,'Banco','2017-05-05',NULL,485,0,NULL,'LEB','2017-10-18 08:06:33',NULL),
	(721,169,5,'Tesouraria','2017-07-12',NULL,860,0,NULL,'LEB','2017-10-18 08:06:33',NULL),
	(722,57,5,'Tesouraria','2017-02-01',NULL,615,0,NULL,'LEB','2017-10-18 08:06:33',NULL),
	(723,58,5,'Tesouraria','2017-05-09',NULL,615,0,NULL,'LEB','2017-10-18 08:06:33',NULL),
	(724,188,5,'Banco','2017-05-09',NULL,460.75,0,NULL,'LEB','2017-10-18 08:06:33',NULL),
	(725,174,5,'Banco','2017-05-09',NULL,485,0,NULL,'LEB','2017-10-18 08:06:33',NULL),
	(726,221,5,'Banco','2017-05-26',NULL,460.75,0,NULL,'LEB','2017-10-18 08:06:33',NULL),
	(727,141,5,'Banco','2017-05-09',NULL,860,0,NULL,'LEB','2017-10-18 08:06:33',NULL),
	(728,142,5,'Banco','2017-05-09',NULL,860,0,NULL,'LEB','2017-10-18 08:06:33',NULL),
	(729,30,5,'Banco','2017-05-09',NULL,615,0,NULL,'LEB','2017-10-18 08:06:33',NULL),
	(730,59,5,'Tesouraria','2017-03-27',NULL,584.25,0,NULL,'LEB','2017-10-18 08:06:33',NULL),
	(731,222,5,'Banco','2017-05-09',NULL,97,0,NULL,'LEB','2017-10-18 08:06:33',NULL),
	(732,189,5,'Banco','2017-05-09',NULL,485,0,NULL,'LEB','2017-10-18 08:06:33',NULL),
	(733,116,5,'Banco','2017-05-09',NULL,826,0,NULL,'LEB','2017-10-18 08:06:33',NULL),
	(734,199,5,'Banco','2017-05-05',NULL,485,0,NULL,'LEB','2017-10-18 08:06:33',NULL),
	(735,235,5,'Banco','2017-05-09',NULL,615,0,NULL,'LEB','2017-10-18 08:06:33',NULL),
	(736,200,5,'Tesouraria','2017-07-12',NULL,485,0,NULL,'LEB','2017-10-18 08:06:33',NULL),
	(737,117,5,'Banco','2017-05-18',NULL,826,0,NULL,'LEB','2017-10-18 08:06:33',NULL),
	(738,176,5,'Tesouraria','2017-05-11',9.61,446.11,0,NULL,'LEB','2017-10-18 08:06:33',NULL),
	(739,23,5,'Banco','2017-05-09',NULL,114.2,0,NULL,'LEB','2017-10-18 08:06:33',NULL),
	(740,31,5,'Tesouraria','2017-07-06',NULL,615,0,NULL,'LEB','2017-10-18 08:06:33',NULL),
	(741,32,5,'Banco','2017-05-09',NULL,615,0,NULL,'LEB','2017-10-18 08:06:33',NULL),
	(742,5,5,'Tesouraria','2017-05-23',14.88,585.88,0,NULL,'LEB','2017-10-18 08:06:33',NULL),
	(743,61,5,'Tesouraria','2017-06-09',15.62,599.87,0,NULL,'LEB','2017-10-18 08:06:33',NULL),
	(744,177,5,'Banco','2017-05-24',NULL,485,0,NULL,'LEB','2017-10-18 08:06:33',NULL),
	(745,33,5,'Tesouraria','2017-05-29',8.63,316.13,0,NULL,'LEB','2017-10-18 08:06:33',NULL),
	(746,6,5,'Tesouraria','2017-05-17',NULL,571,0,NULL,'LEB','2017-10-18 08:06:33',NULL),
	(747,158,5,'Banco','2017-05-10',18.2,896.4,0,NULL,'LEB','2017-10-18 08:06:33',NULL),
	(748,144,5,'Tesouraria','2017-05-15',NULL,817,0,NULL,'LEB','2017-10-18 08:06:33',NULL),
	(749,34,5,'Banco','2017-05-09',NULL,615,0,NULL,'LEB','2017-10-18 08:06:33',NULL),
	(750,35,5,'Banco','2017-05-04',NULL,615,0,NULL,'LEB','2017-10-18 08:06:33',NULL),
	(751,223,5,'Banco','2017-05-09',NULL,485,0,NULL,'LEB','2017-10-18 08:06:33',NULL),
	(752,36,5,'Tesouraria','2017-08-16',NULL,615,0,NULL,'LEB','2017-10-18 08:06:33',NULL),
	(753,201,5,'Banco','2017-05-09',NULL,445,0,NULL,'LEB','2017-10-18 08:06:33',NULL),
	(754,202,5,'Banco','2017-05-09',NULL,485,0,NULL,'LEB','2017-10-18 08:06:33',NULL),
	(755,178,5,'Tesouraria','2017-05-09',NULL,460.75,0,NULL,'LEB','2017-10-18 08:06:33',NULL),
	(756,96,5,'Banco','2017-05-09',NULL,615,0,NULL,'LEB','2017-10-18 08:06:33',NULL),
	(757,203,5,'Banco','2017-05-09',NULL,485,0,NULL,'LEB','2017-10-18 08:06:33',NULL),
	(758,224,5,'Banco','2017-05-09',NULL,485,0,NULL,'LEB','2017-10-18 08:06:33',NULL),
	(759,204,5,'Banco','2017-05-05',NULL,485,0,NULL,'LEB','2017-10-18 08:06:33',NULL),
	(760,119,5,'Tesouraria','2017-05-12',NULL,826,0,NULL,'LEB','2017-10-18 08:06:33',NULL),
	(761,62,5,'Banco','2017-05-09',NULL,615,0,NULL,'LEB','2017-10-18 08:06:33',NULL),
	(762,37,5,'Banco','2017-05-09',NULL,615,0,NULL,'LEB','2017-10-18 08:06:33',NULL),
	(763,190,5,'Tesouraria','2017-05-15',NULL,485,0,NULL,'LEB','2017-10-18 08:06:33',NULL),
	(764,77,5,'Tesouraria','2017-05-18',NULL,492,0,NULL,'LEB','2017-10-18 08:06:33',NULL),
	(765,38,5,'Banco','2017-05-04',NULL,615,0,NULL,'LEB','2017-10-18 08:06:33',NULL),
	(766,39,5,'Tesouraria','2017-05-04',NULL,615,0,NULL,'LEB','2017-10-18 08:06:33',NULL),
	(767,63,5,'Banco','2017-05-23',NULL,615,0,NULL,'LEB','2017-10-18 08:06:33',NULL),
	(768,179,5,'Tesouraria','2017-05-03',NULL,460.75,0,NULL,'LEB','2017-10-18 08:06:33',NULL),
	(769,145,5,'Banco','2017-05-09',NULL,860,0,NULL,'LEB','2017-10-18 08:06:33',NULL),
	(770,9,5,'Tesouraria','2017-05-05',NULL,571,0,NULL,'LEB','2017-10-18 08:06:33',NULL),
	(771,97,5,'Tesouraria','2017-05-09',NULL,615,0,NULL,'LEB','2017-10-18 08:06:33',NULL),
	(772,40,5,'Banco','2017-05-09',NULL,584.25,0,NULL,'LEB','2017-10-18 08:06:33',NULL),
	(773,225,5,'Tesouraria','2017-05-09',NULL,460.75,0,NULL,'LEB','2017-10-18 08:06:33',NULL),
	(774,205,5,'Banco','2017-05-09',NULL,485,0,NULL,'LEB','2017-10-18 08:06:33',NULL),
	(775,120,5,'Tesouraria','2017-05-10',17.91,843.91,0,NULL,'LEB','2017-10-18 08:06:33',NULL),
	(776,206,5,'Banco','2017-05-05',NULL,485,0,NULL,'LEB','2017-10-18 08:06:33',NULL),
	(777,78,5,'Banco','2017-05-04',NULL,615,0,NULL,'LEB','2017-10-18 08:06:33',NULL),
	(778,41,5,'Tesouraria','2017-05-03',NULL,584.25,0,NULL,'LEB','2017-10-18 08:06:33',NULL),
	(779,64,5,'Tesouraria','2017-08-16',NULL,615,0,NULL,'LEB','2017-10-18 08:06:33',NULL),
	(780,146,5,'Tesouraria','2017-09-05',52.81,912.81,0,NULL,'LEB','2017-10-18 08:06:33',NULL),
	(781,191,5,'Banco','2017-05-08',NULL,485,0,NULL,'LEB','2017-10-18 08:06:33',NULL),
	(782,121,5,'Tesouraria','2017-05-18',NULL,826,0,NULL,'LEB','2017-10-18 08:06:33',NULL),
	(783,65,5,'Banco','2017-06-09',23.19,661.38,0,NULL,'LEB','2017-10-18 08:06:33',NULL),
	(784,227,5,'Banco','2017-05-09',NULL,460.75,0,NULL,'LEB','2017-10-18 08:06:33',NULL),
	(785,66,5,'Banco','2017-05-04',NULL,615,0,NULL,'LEB','2017-10-18 08:06:33',NULL),
	(786,98,5,'Tesouraria','2017-08-16',NULL,615,0,NULL,'LEB','2017-10-18 08:06:33',NULL),
	(787,99,5,'Tesouraria','2017-05-05',NULL,615,0,NULL,'LEB','2017-10-18 08:06:33',NULL),
	(788,159,5,'Banco','2017-05-09',NULL,860,0,NULL,'LEB','2017-10-18 08:06:33',NULL),
	(789,79,5,'Banco','2017-05-04',NULL,615,0,NULL,'LEB','2017-10-18 08:06:33',NULL),
	(790,80,5,'Tesouraria','2017-05-22',15.82,630.82,0,NULL,'LEB','2017-10-18 08:06:33',NULL),
	(791,122,5,'Banco','2017-05-09',NULL,826,0,NULL,'LEB','2017-10-18 08:06:33',NULL),
	(792,100,5,'Banco','2017-05-09',NULL,615,0,NULL,'LEB','2017-10-18 08:06:33',NULL),
	(793,24,5,'Banco','2017-05-09',NULL,571,0,NULL,'LEB','2017-10-18 08:06:33',NULL),
	(794,67,5,'Tesouraria','2017-05-04',NULL,369,0,NULL,'LEB','2017-10-18 08:06:33',NULL),
	(795,208,5,'Banco','2017-05-05',NULL,485,0,NULL,'LEB','2017-10-18 08:06:33',NULL),
	(796,82,5,'Banco','2017-06-08',22.86,660.72,0,NULL,'LEB','2017-10-18 08:06:33',NULL),
	(797,42,5,'Tesouraria','2017-05-05',NULL,615,0,NULL,'LEB','2017-10-18 08:06:33',NULL),
	(798,68,5,'Banco','2017-05-26',NULL,615,0,NULL,'LEB','2017-10-18 08:06:33',NULL),
	(799,101,5,'Tesouraria','2017-05-08',NULL,123,0,NULL,'LEB','2017-10-18 08:06:33',NULL),
	(800,43,5,'Tesouraria','2017-05-24',12.48,596.73,0,NULL,'LEB','2017-10-18 08:06:33',NULL),
	(801,25,5,'Tesouraria','2017-07-12',NULL,571,0,NULL,'LEB','2017-10-18 08:06:33',NULL),
	(802,228,5,'Tesouraria','2017-05-08',NULL,485,0,NULL,'LEB','2017-10-18 08:06:33',NULL),
	(803,180,5,'Banco','2017-05-24',NULL,460.75,0,NULL,'LEB','2017-10-18 08:06:33',NULL),
	(804,44,5,'Banco','2017-05-09',NULL,553.5,0,NULL,'LEB','2017-10-18 08:06:33',NULL),
	(805,147,5,'Banco','2017-05-09',NULL,860,0,NULL,'LEB','2017-10-18 08:06:33',NULL),
	(806,192,5,'Tesouraria','2017-05-04',NULL,485,0,NULL,'LEB','2017-10-18 08:06:33',NULL),
	(807,10,5,'Banco','2017-05-23',NULL,571,0,NULL,'LEB','2017-10-18 08:06:33',NULL),
	(808,84,5,'Banco','2017-05-04',NULL,615,0,NULL,'LEB','2017-10-18 08:06:33',NULL),
	(809,229,5,'Tesouraria','2017-05-29',NULL,485,0,NULL,'LEB','2017-10-18 08:06:33',NULL),
	(810,45,5,'Banco','2017-05-03',NULL,615,0,NULL,'LEB','2017-10-18 08:06:33',NULL),
	(811,209,5,'Tesouraria','2017-05-19',12,497,0,NULL,'LEB','2017-10-18 08:06:33',NULL),
	(812,181,5,'Banco','2017-05-04',NULL,485,0,NULL,'LEB','2017-10-18 08:06:33',NULL),
	(813,210,5,'Tesouraria','2017-05-08',NULL,485,0,NULL,'LEB','2017-10-18 08:06:33',NULL),
	(814,102,5,'Banco','2017-05-08',NULL,615,0,NULL,'LEB','2017-10-18 08:06:33',NULL),
	(815,103,5,'Banco','2017-05-09',NULL,615,0,NULL,'LEB','2017-10-18 08:06:33',NULL),
	(816,230,5,'Banco','2017-05-19',13.66,512.32,0,NULL,'LEB','2017-10-18 08:06:33',NULL),
	(817,216,5,'Tesouraria','2017-05-29',NULL,485,0,NULL,'LEB','2017-10-18 08:06:33',NULL),
	(818,170,5,'Banco','2017-05-09',NULL,860,0,NULL,'LEB','2017-10-18 08:06:33',NULL),
	(819,104,5,'Tesouraria','2017-06-05',20.74,604.99,0,NULL,'LEB','2017-10-18 08:06:33',NULL),
	(820,182,5,'Banco','2017-05-09',NULL,485,0,NULL,'LEB','2017-10-18 08:06:33',NULL),
	(821,211,5,'Tesouraria','2017-05-03',NULL,485,0,NULL,'LEB','2017-10-18 08:06:33',NULL),
	(822,149,5,'Tesouraria','2017-02-01',NULL,860,0,NULL,'LEB','2017-10-18 08:06:33',NULL),
	(823,171,5,'Banco','2017-05-09',NULL,860,0,NULL,'LEB','2017-10-18 08:06:33',NULL),
	(824,150,5,'Tesouraria','2017-05-19',NULL,678.56,0,NULL,'LEB','2017-10-18 08:06:33',NULL),
	(825,151,5,'Tesouraria','2017-05-09',NULL,172,0,NULL,'LEB','2017-10-18 08:06:33',NULL),
	(826,26,5,'Tesouraria','2017-05-04',NULL,571,0,NULL,'LEB','2017-10-18 08:06:33',NULL),
	(827,212,5,'Banco','2017-05-09',NULL,485,0,NULL,'LEB','2017-10-18 08:06:33',NULL),
	(828,183,5,'Banco','2017-05-04',NULL,461.75,0,NULL,'LEB','2017-10-18 08:06:33',NULL),
	(829,123,5,'Tesouraria','2017-05-29',4.63,169.83,0,NULL,'LEB','2017-10-18 08:06:33',NULL),
	(830,213,5,'Banco','2017-05-17',12.34,509.68,0,NULL,'LEB','2017-10-18 08:06:33',NULL),
	(831,85,5,'Tesouraria','2017-06-19',NULL,615,0,NULL,'LEB','2017-10-18 08:06:33',NULL),
	(832,194,5,'Banco','2017-05-09',NULL,291,0,NULL,'LEB','2017-10-18 08:06:33',NULL),
	(833,46,5,'Banco','2017-05-09',NULL,553.5,0,NULL,'LEB','2017-10-18 08:06:33',NULL),
	(834,152,5,'Banco','2017-05-10',NULL,860,0,NULL,'LEB','2017-10-18 08:06:33',NULL),
	(835,160,5,'Tesouraria','2017-07-14',NULL,817,0,NULL,'LEB','2017-10-18 08:06:33',NULL),
	(836,47,5,'Tesouraria','2017-05-03',NULL,615,0,NULL,'LEB','2017-10-18 08:06:33',NULL),
	(837,124,5,'Banco','2017-05-09',NULL,826,0,NULL,'LEB','2017-10-18 08:06:33',NULL),
	(838,214,5,'Banco','2017-05-04',NULL,485,0,NULL,'LEB','2017-10-18 08:06:33',NULL),
	(839,86,5,'Tesouraria','2017-06-21',18.92,633.92,0,NULL,'LEB','2017-10-18 08:06:33',NULL),
	(840,105,5,'Banco','2017-05-09',NULL,584.25,0,NULL,'LEB','2017-10-18 08:06:33',NULL),
	(841,87,5,'Banco','2017-05-09',NULL,615,0,NULL,'LEB','2017-10-18 08:06:33',NULL),
	(842,161,5,'Banco','2017-05-09',NULL,860,0,NULL,'LEB','2017-10-18 08:06:33',NULL),
	(843,125,5,'Banco','2017-05-09',NULL,826,0,NULL,'LEB','2017-10-18 08:06:33',NULL),
	(844,215,5,'Banco','2017-05-09',NULL,460.75,0,NULL,'LEB','2017-10-18 08:06:33',NULL),
	(845,48,5,'Banco','2017-05-09',NULL,615,0,NULL,'LEB','2017-10-18 08:06:33',NULL),
	(846,153,5,'Banco','2017-05-08',NULL,860,0,NULL,'LEB','2017-10-18 08:06:33',NULL),
	(847,69,5,'Banco','2017-05-09',NULL,615,0,NULL,'LEB','2017-10-18 08:06:33',NULL),
	(848,231,5,'Tesouraria','2017-06-13',NULL,615,0,NULL,'LEB','2017-10-18 08:06:33',NULL),
	(849,107,5,'Banco','2017-05-05',NULL,615,0,NULL,'LEB','2017-10-18 08:06:33',NULL),
	(850,70,5,'Banco','2017-05-08',NULL,615,0,NULL,'LEB','2017-10-18 08:06:33',NULL),
	(851,11,5,'Tesouraria','2017-06-02',13.92,584.92,0,NULL,'LEB','2017-10-18 08:06:33',NULL),
	(852,88,5,'Banco','2017-05-05',NULL,615,0,NULL,'LEB','2017-10-18 08:06:33',NULL),
	(853,173,5,'Banco','2017-05-03',NULL,860,0,NULL,'LEB','2017-10-18 08:06:33',NULL),
	(854,126,6,'Banco','2017-07-20',NULL,860,0,NULL,'LEB','2017-10-18 08:06:33',NULL),
	(855,89,6,'Tesouraria','2017-09-12',NULL,553.5,0,NULL,'LEB','2017-10-18 08:06:33',NULL),
	(856,12,6,'Tesouraria','2017-06-13',NULL,571,0,NULL,'LEB','2017-10-18 08:06:33',NULL),
	(857,217,6,'Tesouraria','2017-08-07',NULL,460.75,0,NULL,'LEB','2017-10-18 08:06:33',NULL),
	(858,195,6,'Banco','2017-06-07',NULL,485,0,NULL,'LEB','2017-10-18 08:06:33',NULL),
	(859,13,6,'Banco','2017-06-07',NULL,571,0,NULL,'LEB','2017-10-18 08:06:33',NULL),
	(860,1,6,'Tesouraria','2017-06-07',NULL,571,0,NULL,'LEB','2017-10-18 08:06:33',NULL),
	(861,49,6,'Banco','2017-06-09',NULL,615,0,NULL,'LEB','2017-10-18 08:06:33',NULL),
	(862,128,6,'Banco','2017-06-09',NULL,860,0,NULL,'LEB','2017-10-18 08:06:33',NULL),
	(863,154,6,'Tesouraria','2017-06-12',NULL,774,0,NULL,'LEB','2017-10-18 08:06:33',NULL),
	(864,14,6,'Banco','2017-06-07',NULL,571,0,NULL,'LEB','2017-10-18 08:06:33',NULL),
	(865,50,6,'Banco','2017-06-07',NULL,615,0,NULL,'LEB','2017-10-18 08:06:33',NULL),
	(866,51,6,'Banco','2017-06-22',NULL,615,0,NULL,'LEB','2017-10-18 08:06:33',NULL),
	(867,15,6,'Tesouraria','2017-06-09',NULL,571,0,NULL,'LEB','2017-10-18 08:06:33',NULL),
	(868,71,6,'Banco','2017-06-08',NULL,615,0,NULL,'LEB','2017-10-18 08:06:33',NULL),
	(869,72,6,'Tesouraria','2017-06-07',NULL,615,0,NULL,'LEB','2017-10-18 08:06:33',NULL),
	(870,162,6,'Banco','2017-06-07',NULL,860,0,NULL,'LEB','2017-10-18 08:06:33',NULL),
	(871,129,6,'Tesouraria','2017-03-27',NULL,860,0,NULL,'LEB','2017-10-18 08:06:33',NULL),
	(872,52,6,'Banco','2017-06-08',NULL,615,0,NULL,'LEB','2017-10-18 08:06:33',NULL),
	(873,53,6,'Tesouraria','2017-07-05',NULL,123,0,NULL,'LEB','2017-10-18 08:06:33',NULL),
	(874,218,6,'Tesouraria','2017-06-07',NULL,485,0,NULL,'LEB','2017-10-18 08:06:33',NULL),
	(875,184,6,'Banco','2017-06-07',NULL,485,0,NULL,'LEB','2017-10-18 08:06:33',NULL),
	(876,73,6,'Tesouraria','2017-03-27',NULL,615,0,NULL,'LEB','2017-10-18 08:06:33',NULL),
	(877,90,6,'Banco','2017-06-01',NULL,615,0,NULL,'LEB','2017-10-18 08:06:33',NULL),
	(878,55,6,'Banco','2017-06-26',12.96,640.92,0,NULL,'LEB','2017-10-18 08:06:33',NULL),
	(879,17,6,'Banco','2017-06-22',NULL,571,0,NULL,'LEB','2017-10-18 08:06:33',NULL),
	(880,108,6,'Banco','2017-06-07',NULL,165.2,0,NULL,'LEB','2017-10-18 08:06:33',NULL),
	(881,18,6,'Tesouraria','2017-06-07',NULL,571,0,NULL,'LEB','2017-10-18 08:06:33',NULL),
	(882,155,6,'Tesouraria','2017-07-12',27.33,887.33,0,NULL,'LEB','2017-10-18 08:06:33',NULL),
	(883,163,6,'Banco','2017-06-09',NULL,860,0,NULL,'LEB','2017-10-18 08:06:33',NULL),
	(884,109,6,'Banco','2017-06-09',NULL,826,0,NULL,'LEB','2017-10-18 08:06:33',NULL),
	(885,164,6,'Tesouraria','2017-07-03',NULL,172,0,NULL,'LEB','2017-10-18 08:06:33',NULL),
	(886,130,6,'Tesouraria','2017-08-08',NULL,860,0,NULL,'LEB','2017-10-18 08:06:33',NULL),
	(887,110,6,'Banco','2017-06-09',NULL,826,0,NULL,'LEB','2017-10-18 08:06:33',NULL),
	(888,219,6,'Banco','2017-06-08',NULL,485,0,NULL,'LEB','2017-10-18 08:06:33',NULL),
	(889,91,6,'Tesouraria','2017-06-07',NULL,615,0,NULL,'LEB','2017-10-18 08:06:33',NULL),
	(890,131,6,'Tesouraria','2017-06-07',NULL,172,0,NULL,'LEB','2017-10-18 08:06:33',NULL),
	(891,220,6,'Banco','2017-06-09',NULL,485,0,NULL,'LEB','2017-10-18 08:06:33',NULL),
	(892,132,6,'Banco','2017-06-09',NULL,860,0,NULL,'LEB','2017-10-18 08:06:33',NULL),
	(893,196,6,'Tesouraria','2017-06-07',NULL,460.75,0,NULL,'LEB','2017-10-18 08:06:33',NULL),
	(894,111,6,'Banco','2017-06-09',NULL,826,0,NULL,'LEB','2017-10-18 08:06:33',NULL),
	(895,74,6,'Banco','2017-06-08',NULL,615,0,NULL,'LEB','2017-10-18 08:06:33',NULL),
	(896,112,6,'Banco','2017-06-09',NULL,826,0,NULL,'LEB','2017-10-18 08:06:33',NULL),
	(897,113,6,'Banco','2017-06-09',NULL,826,0,NULL,'LEB','2017-10-18 08:06:33',NULL),
	(898,197,6,'Banco','2017-06-07',NULL,485,0,NULL,'LEB','2017-10-18 08:06:33',NULL),
	(899,114,6,'Tesouraria','2017-06-12',NULL,826,0,NULL,'LEB','2017-10-18 08:06:33',NULL),
	(900,133,6,'Banco','2017-06-06',NULL,860,0,NULL,'LEB','2017-10-18 08:06:33',NULL),
	(901,134,6,'Banco','2017-06-21',NULL,860,0,NULL,'LEB','2017-10-18 08:06:33',NULL),
	(902,92,6,'Tesouraria','2017-06-02',NULL,615,0,NULL,'LEB','2017-10-18 08:06:33',NULL),
	(903,93,6,'Banco','2017-06-09',NULL,615,0,NULL,'LEB','2017-10-18 08:06:33',NULL),
	(904,115,6,'Tesouraria','2017-06-29',NULL,165.2,0,NULL,'LEB','2017-10-18 08:06:33',NULL),
	(905,135,6,'Banco','2017-06-09',NULL,860,0,NULL,'LEB','2017-10-18 08:06:33',NULL),
	(906,136,6,'Banco','2017-06-02',NULL,860,0,NULL,'LEB','2017-10-18 08:06:33',NULL),
	(907,2,6,'Banco','2017-06-09',NULL,571,0,NULL,'LEB','2017-10-18 08:06:33',NULL),
	(908,56,6,'Banco','2017-06-06',NULL,615,0,NULL,'LEB','2017-10-18 08:06:33',NULL),
	(909,94,6,'Tesouraria','2017-09-01',27.41,642.41,0,NULL,'LEB','2017-10-18 08:06:33',NULL),
	(910,166,6,'Banco','2017-06-07',NULL,700,0,NULL,'LEB','2017-10-18 08:06:33',NULL),
	(911,20,6,'Banco','2017-06-09',NULL,571,0,NULL,'LEB','2017-10-18 08:06:33',NULL),
	(912,137,6,'Tesouraria','2017-06-20',NULL,860,0,NULL,'LEB','2017-10-18 08:06:33',NULL),
	(913,27,6,'Tesouraria','2017-07-04',15.2,630.2,0,NULL,'LEB','2017-10-18 08:06:33',NULL),
	(914,22,6,'Banco','2017-06-07',NULL,571,0,NULL,'LEB','2017-10-18 08:06:33',NULL),
	(915,138,6,'Tesouraria','2017-06-28',13.41,613.41,0,NULL,'LEB','2017-10-18 08:06:33',NULL),
	(916,95,6,'Banco','2017-06-05',NULL,615,0,NULL,'LEB','2017-10-18 08:06:33',NULL),
	(917,28,6,'Tesouraria','2017-02-02',NULL,615,0,NULL,'LEB','2017-10-18 08:06:33',NULL),
	(918,156,6,'Tesouraria','2017-08-04',NULL,860,0,NULL,'LEB','2017-10-18 08:06:33',NULL),
	(919,186,6,'Banco','2017-06-08',NULL,485,0,NULL,'LEB','2017-10-18 08:06:33',NULL),
	(920,157,6,'Tesouraria','2017-07-06',NULL,860,0,NULL,'LEB','2017-10-18 08:06:33',NULL),
	(921,139,6,'Banco','2017-06-08',NULL,860,0,NULL,'LEB','2017-10-18 08:06:33',NULL),
	(922,168,6,'Banco','2017-06-09',NULL,103.2,0,NULL,'LEB','2017-10-18 08:06:33',NULL),
	(923,140,6,'Banco','2017-06-09',NULL,215,0,NULL,'LEB','2017-10-18 08:06:33',NULL),
	(924,3,6,'Tesouraria','2017-03-31',NULL,571,0,NULL,'LEB','2017-10-18 08:06:33',NULL),
	(925,29,6,'Banco','2017-06-01',NULL,615,0,NULL,'LEB','2017-10-18 08:06:33',NULL),
	(926,187,6,'Banco','2017-06-05',NULL,485,0,NULL,'LEB','2017-10-18 08:06:33',NULL),
	(927,169,6,'Tesouraria','2017-08-08',NULL,860,0,NULL,'LEB','2017-10-18 08:06:33',NULL),
	(928,57,6,'Tesouraria','2017-02-01',NULL,615,0,NULL,'LEB','2017-10-18 08:06:33',NULL),
	(929,58,6,'Banco','2017-06-09',NULL,615,0,NULL,'LEB','2017-10-18 08:06:33',NULL),
	(930,188,6,'Banco','2017-06-07',NULL,460.75,0,NULL,'LEB','2017-10-18 08:06:33',NULL),
	(931,174,6,'Tesouraria','2017-06-09',10.03,495.03,0,NULL,'LEB','2017-10-18 08:06:33',NULL),
	(932,221,6,'Banco','2017-06-08',NULL,460.75,0,NULL,'LEB','2017-10-18 08:06:33',NULL),
	(933,141,6,'Tesouraria','2017-06-19',NULL,860,0,NULL,'LEB','2017-10-18 08:06:33',NULL),
	(934,142,6,'Banco','2017-06-09',NULL,860,0,NULL,'LEB','2017-10-18 08:06:33',NULL),
	(935,30,6,'Banco','2017-06-09',NULL,615,0,NULL,'LEB','2017-10-18 08:06:33',NULL),
	(936,59,6,'Tesouraria','2017-03-27',NULL,584.25,0,NULL,'LEB','2017-10-18 08:06:33',NULL),
	(937,222,6,'Banco','2017-06-09',NULL,97,0,NULL,'LEB','2017-10-18 08:06:33',NULL),
	(938,189,6,'Banco','2017-06-07',NULL,485,0,NULL,'LEB','2017-10-18 08:06:33',NULL),
	(939,116,6,'Banco','2017-06-09',NULL,826,0,NULL,'LEB','2017-10-18 08:06:33',NULL),
	(940,199,6,'Banco','2017-06-07',NULL,485,0,NULL,'LEB','2017-10-18 08:06:33',NULL),
	(941,235,6,'Banco','2017-06-09',NULL,615,0,NULL,'LEB','2017-10-18 08:06:33',NULL),
	(942,200,6,'Tesouraria','2017-07-12',NULL,485,0,NULL,'LEB','2017-10-18 08:06:33',NULL),
	(943,117,6,'Tesouraria','2017-06-28',18.74,844.74,0,NULL,'LEB','2017-10-18 08:06:33',NULL),
	(944,175,6,'Banco','2017-06-12',NULL,450,0,NULL,'LEB','2017-10-18 08:06:33',NULL),
	(945,176,6,'Tesouraria','2017-06-09',NULL,436.5,0,NULL,'LEB','2017-10-18 08:06:33',NULL),
	(946,23,6,'Banco','2017-06-09',NULL,114.2,0,NULL,'LEB','2017-10-18 08:06:33',NULL),
	(947,32,6,'Banco','2017-06-09',NULL,615,0,NULL,'LEB','2017-10-18 08:06:33',NULL),
	(948,5,6,'Banco','2017-06-09',NULL,571,0,NULL,'LEB','2017-10-18 08:06:33',NULL),
	(949,61,6,'Tesouraria','2017-09-01',26.05,610.3,0,NULL,'LEB','2017-10-18 08:06:33',NULL),
	(950,177,6,'Banco','2017-06-21',NULL,485,0,NULL,'LEB','2017-10-18 08:06:33',NULL),
	(951,33,6,'Tesouraria','2017-06-08',NULL,307.5,0,NULL,'LEB','2017-10-18 08:06:33',NULL),
	(952,6,6,'Banco','2017-06-05',NULL,571,0,NULL,'LEB','2017-10-18 08:06:33',NULL),
	(953,158,6,'Banco','2017-06-08',NULL,860,0,NULL,'LEB','2017-10-18 08:06:33',NULL),
	(954,144,6,'Tesouraria','2017-07-12',NULL,817,0,NULL,'LEB','2017-10-18 08:06:33',NULL),
	(955,34,6,'Banco','2017-06-09',NULL,615,0,NULL,'LEB','2017-10-18 08:06:33',NULL),
	(956,35,6,'Banco','2017-06-07',NULL,615,0,NULL,'LEB','2017-10-18 08:06:33',NULL),
	(957,223,6,'Banco','2017-06-09',NULL,485,0,NULL,'LEB','2017-10-18 08:06:33',NULL),
	(958,36,6,'Tesouraria','2017-08-16',NULL,615,0,NULL,'LEB','2017-10-18 08:06:33',NULL),
	(959,201,6,'Banco','2017-06-09',NULL,445,0,NULL,'LEB','2017-10-18 08:06:33',NULL),
	(960,202,6,'Banco','2017-06-09',NULL,485,0,NULL,'LEB','2017-10-18 08:06:33',NULL),
	(961,178,6,'Banco','2017-06-09',NULL,460.75,0,NULL,'LEB','2017-10-18 08:06:33',NULL),
	(962,96,6,'Tesouraria','2017-06-08',NULL,615,0,NULL,'LEB','2017-10-18 08:06:33',NULL),
	(963,203,6,'Tesouraria','2017-06-09',NULL,485,0,NULL,'LEB','2017-10-18 08:06:33',NULL),
	(964,224,6,'Banco','2017-06-06',NULL,485,0,NULL,'LEB','2017-10-18 08:06:33',NULL),
	(965,204,6,'Banco','2017-06-06',NULL,485,0,NULL,'LEB','2017-10-18 08:06:33',NULL),
	(966,119,6,'Banco','2017-06-07',NULL,826,0,NULL,'LEB','2017-10-18 08:06:33',NULL),
	(967,62,6,'Banco','2017-06-09',NULL,615,0,NULL,'LEB','2017-10-18 08:06:33',NULL),
	(968,37,6,'Banco','2017-06-07',NULL,615,0,NULL,'LEB','2017-10-18 08:06:33',NULL),
	(969,190,6,'Banco','2017-06-09',NULL,485,0,NULL,'LEB','2017-10-18 08:06:33',NULL),
	(970,77,6,'Tesouraria','2017-06-13',NULL,584.25,0,NULL,'LEB','2017-10-18 08:06:33',NULL),
	(971,38,6,'Banco','2017-06-06',NULL,615,0,NULL,'LEB','2017-10-18 08:06:33',NULL),
	(972,39,6,'Tesouraria','2017-06-05',NULL,615,0,NULL,'LEB','2017-10-18 08:06:33',NULL),
	(973,63,6,'Banco','2017-06-22',NULL,615,0,NULL,'LEB','2017-10-18 08:06:33',NULL),
	(974,179,6,'Tesouraria','2017-06-02',NULL,460.75,0,NULL,'LEB','2017-10-18 08:06:33',NULL),
	(975,145,6,'Banco','2017-06-09',NULL,860,0,NULL,'LEB','2017-10-18 08:06:33',NULL),
	(976,9,6,'Tesouraria','2017-06-07',NULL,571,0,NULL,'LEB','2017-10-18 08:06:33',NULL),
	(977,97,6,'Banco','2017-06-09',NULL,615,0,NULL,'LEB','2017-10-18 08:06:33',NULL),
	(978,40,6,'Banco','2017-06-09',NULL,584.25,0,NULL,'LEB','2017-10-18 08:06:33',NULL),
	(979,225,6,'Banco','2017-06-09',NULL,460.75,0,NULL,'LEB','2017-10-18 08:06:33',NULL),
	(980,205,6,'Banco','2017-06-09',NULL,485,0,NULL,'LEB','2017-10-18 08:06:33',NULL),
	(981,120,6,'Banco','2017-06-09',NULL,826,0,NULL,'LEB','2017-10-18 08:06:33',NULL),
	(982,206,6,'Banco','2017-06-06',NULL,485,0,NULL,'LEB','2017-10-18 08:06:33',NULL),
	(983,78,6,'Banco','2017-06-07',NULL,615,0,NULL,'LEB','2017-10-18 08:06:33',NULL),
	(984,41,6,'Tesouraria','2017-06-02',NULL,584.25,0,NULL,'LEB','2017-10-18 08:06:33',NULL),
	(985,64,6,'Tesouraria','2017-08-16',NULL,615,0,NULL,'LEB','2017-10-18 08:06:33',NULL),
	(986,146,6,'Tesouraria','2017-09-05',43.25,903.25,0,NULL,'LEB','2017-10-18 08:06:33',NULL),
	(987,191,6,'Banco','2017-06-05',NULL,485,0,NULL,'LEB','2017-10-18 08:06:33',NULL),
	(988,121,6,'Tesouraria','2017-06-13',NULL,826,0,NULL,'LEB','2017-10-18 08:06:33',NULL),
	(989,65,6,'Tesouraria','2017-08-08',NULL,615,0,NULL,'LEB','2017-10-18 08:06:33',NULL),
	(990,227,6,'Tesouraria','2017-06-09',NULL,460.75,0,NULL,'LEB','2017-10-18 08:06:33',NULL),
	(991,66,6,'Banco','2017-06-05',NULL,615,0,NULL,'LEB','2017-10-18 08:06:33',NULL),
	(992,98,6,'Tesouraria','2017-08-16',NULL,615,0,NULL,'LEB','2017-10-18 08:06:33',NULL),
	(993,99,6,'Tesouraria','2017-06-07',NULL,615,0,NULL,'LEB','2017-10-18 08:06:33',NULL),
	(994,159,6,'Banco','2017-06-09',NULL,860,0,NULL,'LEB','2017-10-18 08:06:33',NULL),
	(995,79,6,'Banco','2017-06-05',NULL,615,0,NULL,'LEB','2017-10-18 08:06:33',NULL),
	(996,80,6,'Tesouraria','2017-07-03',19.89,634.89,0,NULL,'LEB','2017-10-18 08:06:33',NULL),
	(997,122,6,'Banco','2017-06-09',NULL,826,0,NULL,'LEB','2017-10-18 08:06:33',NULL),
	(998,100,6,'Banco','2017-06-07',NULL,615,0,NULL,'LEB','2017-10-18 08:06:33',NULL),
	(999,24,6,'Banco','2017-06-08',NULL,571,0,NULL,'LEB','2017-10-18 08:06:33',NULL),
	(1000,67,6,'Tesouraria','2017-06-05',NULL,369,0,NULL,'LEB','2017-10-18 08:06:33',NULL),
	(1001,208,6,'Banco','2017-06-08',NULL,485,0,NULL,'LEB','2017-10-18 08:06:33',NULL),
	(1002,81,6,'Banco','2017-06-12',NULL,542,0,NULL,'LEB','2017-10-18 08:06:33',NULL),
	(1003,42,6,'Tesouraria','2017-06-05',NULL,615,0,NULL,'LEB','2017-10-18 08:06:33',NULL),
	(1004,68,6,'Banco','2017-06-08',NULL,615,0,NULL,'LEB','2017-10-18 08:06:33',NULL),
	(1005,101,6,'Tesouraria','2017-07-12',NULL,123,0,NULL,'LEB','2017-10-18 08:06:33',NULL),
	(1006,43,6,'Banco','2017-06-07',NULL,584.25,0,NULL,'LEB','2017-10-18 08:06:33',NULL),
	(1007,25,6,'Banco','2017-06-09',NULL,571,0,NULL,'LEB','2017-10-18 08:06:33',NULL),
	(1008,228,6,'Tesouraria','2017-06-19',11.66,496.66,0,NULL,'LEB','2017-10-18 08:06:33',NULL),
	(1009,180,6,'Banco','2017-06-22',NULL,460.75,0,NULL,'LEB','2017-10-18 08:06:33',NULL),
	(1010,44,6,'Banco','2017-06-06',NULL,553.5,0,NULL,'LEB','2017-10-18 08:06:33',NULL),
	(1011,147,6,'Banco','2017-06-21',20.5,901,0,NULL,'LEB','2017-10-18 08:06:33',NULL),
	(1012,192,6,'Tesouraria','2017-06-06',NULL,485,0,NULL,'LEB','2017-10-18 08:06:33',NULL),
	(1013,10,6,'Banco','2017-06-23',NULL,571,0,NULL,'LEB','2017-10-18 08:06:33',NULL),
	(1014,84,6,'Banco','2017-06-05',NULL,615,0,NULL,'LEB','2017-10-18 08:06:33',NULL),
	(1015,229,6,'Tesouraria','2017-06-20',NULL,485,0,NULL,'LEB','2017-10-18 08:06:33',NULL),
	(1016,45,6,'Banco','2017-06-09',NULL,590.75,0,NULL,'LEB','2017-10-18 08:06:33',NULL),
	(1017,209,6,'Tesouraria','2017-07-12',NULL,485,0,NULL,'LEB','2017-10-18 08:06:33',NULL),
	(1018,181,6,'Banco','2017-06-07',NULL,485,0,NULL,'LEB','2017-10-18 08:06:33',NULL),
	(1019,148,6,'Banco','2017-06-12',NULL,860,0,NULL,'LEB','2017-10-18 08:06:33',NULL),
	(1020,210,6,'Banco','2017-06-07',NULL,485,0,NULL,'LEB','2017-10-18 08:06:33',NULL),
	(1021,102,6,'Banco','2017-06-05',NULL,615,0,NULL,'LEB','2017-10-18 08:06:33',NULL),
	(1022,103,6,'Banco','2017-06-09',NULL,615,0,NULL,'LEB','2017-10-18 08:06:33',NULL),
	(1023,216,6,'Tesouraria','2017-08-16',21.13,506.13,0,NULL,'LEB','2017-10-18 08:06:33',NULL),
	(1024,170,6,'Banco','2017-06-09',NULL,860,0,NULL,'LEB','2017-10-18 08:06:33',NULL),
	(1025,104,6,'Tesouraria','2017-06-22',NULL,578.35,0,NULL,'LEB','2017-10-18 08:06:33',NULL),
	(1026,182,6,'Banco','2017-06-06',NULL,485,0,NULL,'LEB','2017-10-18 08:06:33',NULL),
	(1027,211,6,'Tesouraria','2017-08-07',NULL,485,0,NULL,'LEB','2017-10-18 08:06:33',NULL),
	(1028,149,6,'Tesouraria','2017-02-01',NULL,860,0,NULL,'LEB','2017-10-18 08:06:33',NULL),
	(1029,171,6,'Banco','2017-06-09',NULL,860,0,NULL,'LEB','2017-10-18 08:06:33',NULL),
	(1030,150,6,'Tesouraria','2017-06-21',NULL,860,0,NULL,'LEB','2017-10-18 08:06:33',NULL),
	(1031,151,6,'Tesouraria','2017-06-07',NULL,172,0,NULL,'LEB','2017-10-18 08:06:33',NULL),
	(1032,26,6,'Tesouraria','2017-06-05',NULL,571,0,NULL,'LEB','2017-10-18 08:06:33',NULL),
	(1033,212,6,'Banco','2017-06-09',NULL,485,0,NULL,'LEB','2017-10-18 08:06:33',NULL),
	(1034,183,6,'Banco','2017-06-26',12.9,510.8,0,NULL,'LEB','2017-10-18 08:06:33',NULL),
	(1035,123,6,'Tesouraria','2017-06-08',NULL,165.2,0,NULL,'LEB','2017-10-18 08:06:33',NULL),
	(1036,213,6,'Banco','2017-06-13',10.36,505.72,0,NULL,'LEB','2017-10-18 08:06:33',NULL),
	(1037,85,6,'Tesouraria','2017-06-19',NULL,615,0,NULL,'LEB','2017-10-18 08:06:33',NULL),
	(1038,194,6,'Banco','2017-06-09',NULL,291,0,NULL,'LEB','2017-10-18 08:06:33',NULL),
	(1039,46,6,'Banco','2017-06-09',NULL,553.5,0,NULL,'LEB','2017-10-18 08:06:33',NULL),
	(1040,152,6,'Banco','2017-06-16',NULL,860,0,NULL,'LEB','2017-10-18 08:06:33',NULL),
	(1041,47,6,'Tesouraria','2017-06-02',NULL,615,0,NULL,'LEB','2017-10-18 08:06:33',NULL),
	(1042,124,6,'Banco','2017-06-09',NULL,826,0,NULL,'LEB','2017-10-18 08:06:33',NULL),
	(1043,214,6,'Tesouraria','2017-06-07',NULL,485,0,NULL,'LEB','2017-10-18 08:06:33',NULL),
	(1044,86,6,'Tesouraria','2017-06-21',NULL,615,0,NULL,'LEB','2017-10-18 08:06:33',NULL),
	(1045,105,6,'Banco','2017-06-09',NULL,584.25,0,NULL,'LEB','2017-10-18 08:06:33',NULL),
	(1046,87,6,'Banco','2017-06-09',NULL,615,0,NULL,'LEB','2017-10-18 08:06:33',NULL),
	(1047,161,6,'Banco','2017-06-09',NULL,860,0,NULL,'LEB','2017-10-18 08:06:33',NULL),
	(1048,125,6,'Banco','2017-06-09',NULL,826,0,NULL,'LEB','2017-10-18 08:06:33',NULL),
	(1049,215,6,'Banco','2017-06-09',NULL,485,0,NULL,'LEB','2017-10-18 08:06:33',NULL),
	(1050,48,6,'Banco','2017-06-09',NULL,615,0,NULL,'LEB','2017-10-18 08:06:33',NULL),
	(1051,153,6,'Banco','2017-06-05',NULL,860,0,NULL,'LEB','2017-10-18 08:06:33',NULL),
	(1052,69,6,'Banco','2017-06-09',NULL,615,0,NULL,'LEB','2017-10-18 08:06:33',NULL),
	(1053,231,6,'Banco','2017-06-21',NULL,615,0,NULL,'LEB','2017-10-18 08:06:33',NULL),
	(1054,107,6,'Tesouraria','2017-06-08',NULL,615,0,NULL,'LEB','2017-10-18 08:06:33',NULL),
	(1055,70,6,'Banco','2017-06-09',NULL,615,0,NULL,'LEB','2017-10-18 08:06:33',NULL),
	(1056,11,6,'Tesouraria','2017-08-08',20.84,591.84,0,NULL,'LEB','2017-10-18 08:06:33',NULL),
	(1057,88,6,'Banco','2017-06-09',NULL,615,0,NULL,'LEB','2017-10-18 08:06:33',NULL),
	(1058,173,6,'Banco','2017-06-07',NULL,860,0,NULL,'LEB','2017-10-18 08:06:33',NULL),
	(1059,126,7,'Banco','2017-07-20',NULL,860,0,NULL,'LEB','2017-10-18 08:06:33',NULL),
	(1060,89,7,'Tesouraria','2017-09-12',NULL,553.5,0,NULL,'LEB','2017-10-18 08:06:33',NULL),
	(1061,12,7,'Tesouraria','2017-07-06',NULL,571,0,NULL,'LEB','2017-10-18 08:06:33',NULL),
	(1062,217,7,'Tesouraria','2017-07-06',NULL,460.75,0,NULL,'LEB','2017-10-18 08:06:33',NULL),
	(1063,195,7,'Banco','2017-07-12',10.69,495.69,0,NULL,'LEB','2017-10-18 08:06:33',NULL),
	(1064,13,7,'Banco','2017-07-07',NULL,571,0,NULL,'LEB','2017-10-18 08:06:33',NULL),
	(1065,1,7,'Banco','2017-07-07',NULL,571,0,NULL,'LEB','2017-10-18 08:06:33',NULL),
	(1066,49,7,'Banco','2017-07-07',NULL,615,0,NULL,'LEB','2017-10-18 08:06:33',NULL),
	(1067,128,7,'Banco','2017-07-11',NULL,860,0,NULL,'LEB','2017-10-18 08:06:33',NULL),
	(1068,154,7,'Banco','2017-07-10',NULL,774,0,NULL,'LEB','2017-10-18 08:06:33',NULL),
	(1069,14,7,'Banco','2017-07-05',NULL,571,0,NULL,'LEB','2017-10-18 08:06:33',NULL),
	(1070,50,7,'Banco','2017-07-10',NULL,615,0,NULL,'LEB','2017-10-18 08:06:33',NULL),
	(1071,51,7,'Banco','2017-07-24',NULL,615,0,NULL,'LEB','2017-10-18 08:06:33',NULL),
	(1072,15,7,'Tesouraria','2017-07-10',NULL,571,0,NULL,'LEB','2017-10-18 08:06:33',NULL),
	(1073,71,7,'Banco','2017-07-07',NULL,615,0,NULL,'LEB','2017-10-18 08:06:33',NULL),
	(1074,72,7,'Tesouraria','2017-07-07',NULL,615,0,NULL,'LEB','2017-10-18 08:06:33',NULL),
	(1075,162,7,'Tesouraria','2017-07-04',NULL,860,0,NULL,'LEB','2017-10-18 08:06:33',NULL),
	(1076,129,7,'Tesouraria','2017-03-27',NULL,860,0,NULL,'LEB','2017-10-18 08:06:33',NULL),
	(1077,52,7,'Banco','2017-07-10',NULL,615,0,NULL,'LEB','2017-10-18 08:06:33',NULL),
	(1078,53,7,'Tesouraria','2017-07-05',NULL,123,0,NULL,'LEB','2017-10-18 08:06:33',NULL),
	(1079,218,7,'Tesouraria','2017-07-14',NULL,485,0,NULL,'LEB','2017-10-18 08:06:33',NULL),
	(1080,184,7,'Banco','2017-07-10',NULL,485,0,NULL,'LEB','2017-10-18 08:06:33',NULL),
	(1081,73,7,'Tesouraria','2017-03-27',NULL,615,0,NULL,'LEB','2017-10-18 08:06:33',NULL),
	(1082,90,7,'Banco','2017-07-10',NULL,615,0,NULL,'LEB','2017-10-18 08:06:33',NULL),
	(1083,55,7,'Tesouraria','2017-08-30',20.79,635.79,0,NULL,'LEB','2017-10-18 08:06:33',NULL),
	(1084,17,7,'Banco','2017-07-24',NULL,571,0,NULL,'LEB','2017-10-18 08:06:33',NULL),
	(1085,108,7,'Tesouraria','2017-07-07',NULL,165.2,0,NULL,'LEB','2017-10-18 08:06:33',NULL),
	(1086,18,7,'Tesouraria','2017-07-04',NULL,571,0,NULL,'LEB','2017-10-18 08:06:33',NULL),
	(1087,155,7,'Tesouraria','2017-07-12',18.65,878.65,0,NULL,'LEB','2017-10-18 08:06:33',NULL),
	(1088,163,7,'Banco','2017-07-10',NULL,860,0,NULL,'LEB','2017-10-18 08:06:33',NULL),
	(1089,109,7,'Tesouraria','2017-08-10',25.97,851.97,0,NULL,'LEB','2017-10-18 08:06:33',NULL),
	(1090,164,7,'Banco','2017-08-04',NULL,172,0,NULL,'LEB','2017-10-18 08:06:33',NULL),
	(1091,130,7,'Tesouraria','2017-09-12',NULL,860,0,NULL,'LEB','2017-10-18 08:06:33',NULL),
	(1092,110,7,'Banco','2017-07-13',17.84,843.84,0,NULL,'LEB','2017-10-18 08:06:33',NULL),
	(1093,219,7,'Banco','2017-07-11',NULL,485,0,NULL,'LEB','2017-10-18 08:06:33',NULL),
	(1094,91,7,'Tesouraria','2017-07-10',NULL,615,0,NULL,'LEB','2017-10-18 08:06:33',NULL),
	(1095,131,7,'Tesouraria','2017-07-10',NULL,172,0,NULL,'LEB','2017-10-18 08:06:33',NULL),
	(1096,220,7,'Tesouraria','2017-07-14',NULL,485,0,NULL,'LEB','2017-10-18 08:06:33',NULL),
	(1097,132,7,'Tesouraria','2017-07-11',NULL,860,0,NULL,'LEB','2017-10-18 08:06:33',NULL),
	(1098,196,7,'Tesouraria','2017-07-07',NULL,460.75,0,NULL,'LEB','2017-10-18 08:06:33',NULL),
	(1099,111,7,'Banco','2017-07-11',NULL,826,0,NULL,'LEB','2017-10-18 08:06:33',NULL),
	(1100,74,7,'Banco','2017-07-11',NULL,615,0,NULL,'LEB','2017-10-18 08:06:33',NULL),
	(1101,112,7,'Tesouraria','2017-07-10',NULL,826,0,NULL,'LEB','2017-10-18 08:06:33',NULL),
	(1102,113,7,'Banco','2017-07-10',NULL,826,0,NULL,'LEB','2017-10-18 08:06:33',NULL),
	(1103,197,7,'Tesouraria','2017-07-03',NULL,485,0,NULL,'LEB','2017-10-18 08:06:33',NULL),
	(1104,114,7,'Banco','2017-07-11',NULL,826,0,NULL,'LEB','2017-10-18 08:06:33',NULL),
	(1105,133,7,'Banco','2017-07-06',NULL,860,0,NULL,'LEB','2017-10-18 08:06:33',NULL),
	(1106,134,7,'Banco','2017-07-24',NULL,860,0,NULL,'LEB','2017-10-18 08:06:33',NULL),
	(1107,92,7,'Tesouraria','2017-07-07',NULL,615,0,NULL,'LEB','2017-10-18 08:06:33',NULL),
	(1108,93,7,'Banco','2017-08-03',20.55,635.55,0,NULL,'LEB','2017-10-18 08:06:33',NULL),
	(1109,115,7,'Tesouraria','2017-08-01',NULL,165.2,0,NULL,'LEB','2017-10-18 08:06:33',NULL),
	(1110,135,7,'Banco','2017-07-11',NULL,860,0,NULL,'LEB','2017-10-18 08:06:33',NULL),
	(1111,136,7,'Banco','2017-07-07',NULL,860,0,NULL,'LEB','2017-10-18 08:06:33',NULL),
	(1112,2,7,'Banco','2017-07-11',NULL,571,0,NULL,'LEB','2017-10-18 08:06:33',NULL),
	(1113,56,7,'Banco','2017-07-07',NULL,615,0,NULL,'LEB','2017-10-18 08:06:33',NULL),
	(1114,94,7,'Tesouraria','2017-09-01',21.2,636.2,0,NULL,'LEB','2017-10-18 08:06:33',NULL),
	(1115,166,7,'Banco','2017-07-05',NULL,700,0,NULL,'LEB','2017-10-18 08:06:33',NULL),
	(1116,20,7,'Banco','2017-07-11',NULL,571,0,NULL,'LEB','2017-10-18 08:06:33',NULL),
	(1117,137,7,'Tesouraria','2017-07-04',NULL,860,0,NULL,'LEB','2017-10-18 08:06:33',NULL),
	(1118,27,7,'Tesouraria','2017-09-04',21.82,636.82,0,NULL,'LEB','2017-10-18 08:06:33',NULL),
	(1119,22,7,'Banco','2017-07-10',NULL,571,0,NULL,'LEB','2017-10-18 08:06:33',NULL),
	(1120,138,7,'Tesouraria','2017-08-16',17.25,617.25,0,NULL,'LEB','2017-10-18 08:06:33',NULL),
	(1121,95,7,'Banco','2017-07-10',NULL,615,0,NULL,'LEB','2017-10-18 08:06:33',NULL),
	(1122,28,7,'Tesouraria','2017-02-02',NULL,615,0,NULL,'LEB','2017-10-18 08:06:33',NULL),
	(1123,156,7,'Banco','2017-07-31',23.8,883.8,0,NULL,'LEB','2017-10-18 08:06:33',NULL),
	(1124,186,7,'Banco','2017-07-11',NULL,485,0,NULL,'LEB','2017-10-18 08:06:33',NULL),
	(1125,157,7,'Banco','2017-08-16',28.78,888.78,0,NULL,'LEB','2017-10-18 08:06:33',NULL),
	(1126,139,7,'Banco','2017-07-11',NULL,860,0,NULL,'LEB','2017-10-18 08:06:33',NULL),
	(1127,168,7,'Banco','2017-07-11',NULL,309.6,0,NULL,'LEB','2017-10-18 08:06:33',NULL),
	(1128,140,7,'Banco','2017-07-11',NULL,215,0,NULL,'LEB','2017-10-18 08:06:33',NULL),
	(1129,3,7,'Tesouraria','2017-03-31',NULL,571,0,NULL,'LEB','2017-10-18 08:06:33',NULL),
	(1130,29,7,'Banco','2017-07-05',NULL,615,0,NULL,'LEB','2017-10-18 08:06:33',NULL),
	(1131,187,7,'Banco','2017-07-11',NULL,485,0,NULL,'LEB','2017-10-18 08:06:33',NULL),
	(1132,169,7,'Tesouraria','2017-09-12',NULL,860,0,NULL,'LEB','2017-10-18 08:06:33',NULL),
	(1133,57,7,'Tesouraria','2017-02-01',NULL,615,0,NULL,'LEB','2017-10-18 08:06:33',NULL),
	(1134,58,7,'Banco','2017-07-11',NULL,615,0,NULL,'LEB','2017-10-18 08:06:33',NULL),
	(1135,188,7,'Banco','2017-07-11',NULL,485,0,NULL,'LEB','2017-10-18 08:06:33',NULL),
	(1136,221,7,'Banco','2017-07-11',NULL,460.75,0,NULL,'LEB','2017-10-18 08:06:33',NULL),
	(1137,141,7,'Banco','2017-07-12',NULL,860,0,NULL,'LEB','2017-10-18 08:06:33',NULL),
	(1138,142,7,'Banco','2017-07-10',NULL,860,0,NULL,'LEB','2017-10-18 08:06:33',NULL),
	(1139,30,7,'Banco','2017-07-11',NULL,615,0,NULL,'LEB','2017-10-18 08:06:33',NULL),
	(1140,59,7,'Tesouraria','2017-03-27',NULL,584.25,0,NULL,'LEB','2017-10-18 08:06:33',NULL),
	(1141,222,7,'Banco','2017-07-11',NULL,97,0,NULL,'LEB','2017-10-18 08:06:33',NULL),
	(1142,189,7,'Tesouraria','2017-07-03',NULL,460.75,0,NULL,'LEB','2017-10-18 08:06:33',NULL),
	(1143,116,7,'Banco','2017-07-10',NULL,826,0,NULL,'LEB','2017-10-18 08:06:33',NULL),
	(1144,199,7,'Tesouraria','2017-07-10',NULL,485,0,NULL,'LEB','2017-10-18 08:06:33',NULL),
	(1145,235,7,'Banco','2017-07-11',NULL,615,0,NULL,'LEB','2017-10-18 08:06:33',NULL),
	(1146,200,7,'Tesouraria','2017-08-24',15.41,500.41,0,NULL,'LEB','2017-10-18 08:06:33',NULL),
	(1147,117,7,'Tesouraria','2017-08-11',22.64,848.64,0,NULL,'LEB','2017-10-18 08:06:33',NULL),
	(1148,175,7,'Banco','2017-08-04',13.99,498.99,0,NULL,'LEB','2017-10-18 08:06:33',NULL),
	(1149,176,7,'Banco','2017-07-11',NULL,436.5,0,NULL,'LEB','2017-10-18 08:06:33',NULL),
	(1150,23,7,'Banco','2017-07-11',NULL,114.2,0,NULL,'LEB','2017-10-18 08:06:33',NULL),
	(1151,32,7,'Banco','2017-07-11',NULL,615,0,NULL,'LEB','2017-10-18 08:06:33',NULL),
	(1152,5,7,'Tesouraria','2017-07-11',NULL,571,0,NULL,'LEB','2017-10-18 08:06:33',NULL),
	(1153,61,7,'Tesouraria','2017-09-01',20.15,604.4,0,NULL,'LEB','2017-10-18 08:06:33',NULL),
	(1154,177,7,'Banco','2017-07-27',11.35,496.35,0,NULL,'LEB','2017-10-18 08:06:33',NULL),
	(1155,33,7,'Tesouraria','2017-07-24',NULL,307.5,0,NULL,'LEB','2017-10-18 08:06:33',NULL),
	(1156,6,7,'Banco','2017-07-05',NULL,571,0,NULL,'LEB','2017-10-18 08:06:33',NULL),
	(1157,158,7,'Banco','2017-07-07',NULL,860,0,NULL,'LEB','2017-10-18 08:06:33',NULL),
	(1158,34,7,'Banco','2017-07-11',NULL,615,0,NULL,'LEB','2017-10-18 08:06:33',NULL),
	(1159,35,7,'Banco','2017-07-05',NULL,615,0,NULL,'LEB','2017-10-18 08:06:33',NULL),
	(1160,223,7,'Banco','2017-07-11',NULL,485,0,NULL,'LEB','2017-10-18 08:06:33',NULL),
	(1161,201,7,'Banco','2017-07-11',NULL,445,0,NULL,'LEB','2017-10-18 08:06:33',NULL),
	(1162,202,7,'Banco','2017-07-11',NULL,485,0,NULL,'LEB','2017-10-18 08:06:33',NULL),
	(1163,178,7,'Banco','2017-07-11',NULL,460.75,0,NULL,'LEB','2017-10-18 08:06:33',NULL),
	(1164,96,7,'Tesouraria','2017-07-07',NULL,615,0,NULL,'LEB','2017-10-18 08:06:33',NULL),
	(1165,203,7,'Tesouraria','2017-07-11',NULL,485,0,NULL,'LEB','2017-10-18 08:06:33',NULL),
	(1166,224,7,'Banco','2017-07-07',NULL,485,0,NULL,'LEB','2017-10-18 08:06:33',NULL),
	(1167,204,7,'Banco','2017-07-06',NULL,485,0,NULL,'LEB','2017-10-18 08:06:33',NULL),
	(1168,119,7,'Banco','2017-07-11',NULL,826,0,NULL,'LEB','2017-10-18 08:06:33',NULL),
	(1169,62,7,'Banco','2017-07-11',NULL,615,0,NULL,'LEB','2017-10-18 08:06:33',NULL),
	(1170,37,7,'Banco','2017-07-10',NULL,615,0,NULL,'LEB','2017-10-18 08:06:33',NULL),
	(1171,190,7,'Banco','2017-07-11',NULL,485,0,NULL,'LEB','2017-10-18 08:06:33',NULL),
	(1172,77,7,'Tesouraria','2017-07-12',NULL,584.25,0,NULL,'LEB','2017-10-18 08:06:33',NULL),
	(1173,38,7,'Banco','2017-07-05',NULL,615,0,NULL,'LEB','2017-10-18 08:06:33',NULL),
	(1174,39,7,'Tesouraria','2017-07-07',NULL,615,0,NULL,'LEB','2017-10-18 08:06:33',NULL),
	(1175,63,7,'Banco','2017-07-24',NULL,615,0,NULL,'LEB','2017-10-18 08:06:33',NULL),
	(1176,179,7,'Tesouraria','2017-07-06',NULL,460.75,0,NULL,'LEB','2017-10-18 08:06:33',NULL),
	(1177,145,7,'Banco','2017-07-10',NULL,860,0,NULL,'LEB','2017-10-18 08:06:33',NULL),
	(1178,9,7,'Tesouraria','2017-07-07',NULL,571,0,NULL,'LEB','2017-10-18 08:06:33',NULL),
	(1179,97,7,'Banco','2017-07-11',NULL,615,0,NULL,'LEB','2017-10-18 08:06:33',NULL),
	(1180,40,7,'Banco','2017-08-03',20.55,635.55,0,NULL,'LEB','2017-10-18 08:06:33',NULL),
	(1181,225,7,'Banco','2017-07-11',NULL,460.75,0,NULL,'LEB','2017-10-18 08:06:33',NULL),
	(1182,205,7,'Tesouraria','2017-07-12',NULL,485,0,NULL,'LEB','2017-10-18 08:06:33',NULL),
	(1183,120,7,'Tesouraria','2017-08-09',NULL,826,0,NULL,'LEB','2017-10-18 08:06:33',NULL),
	(1184,206,7,'Banco','2017-07-05',NULL,485,0,NULL,'LEB','2017-10-18 08:06:33',NULL),
	(1185,78,7,'Banco','2017-07-05',NULL,615,0,NULL,'LEB','2017-10-18 08:06:33',NULL),
	(1186,41,7,'Tesouraria','2017-07-07',NULL,584.25,0,NULL,'LEB','2017-10-18 08:06:33',NULL),
	(1187,146,7,'Tesouraria','2017-09-05',34.57,894.57,0,NULL,'LEB','2017-10-18 08:06:33',NULL),
	(1188,191,7,'Banco','2017-07-06',NULL,485,0,NULL,'LEB','2017-10-18 08:06:33',NULL),
	(1189,121,7,'Tesouraria','2017-07-12',NULL,826,0,NULL,'LEB','2017-10-18 08:06:33',NULL),
	(1190,65,7,'Banco','2017-09-15',25.95,640.95,0,NULL,'LEB','2017-10-18 08:06:33',NULL),
	(1191,227,7,'Tesouraria','2017-07-11',NULL,460.75,0,NULL,'LEB','2017-10-18 08:06:33',NULL),
	(1192,66,7,'Banco','2017-07-11',NULL,615,0,NULL,'LEB','2017-10-18 08:06:33',NULL),
	(1193,99,7,'Tesouraria','2017-07-07',NULL,615,0,NULL,'LEB','2017-10-18 08:06:33',NULL),
	(1194,159,7,'Banco','2017-07-11',NULL,860,0,NULL,'LEB','2017-10-18 08:06:33',NULL),
	(1195,79,7,'Banco','2017-07-05',NULL,615,0,NULL,'LEB','2017-10-18 08:06:33',NULL),
	(1196,80,7,'Banco','2017-07-11',NULL,615,0,NULL,'LEB','2017-10-18 08:06:33',NULL),
	(1197,122,7,'Banco','2017-07-11',NULL,826,0,NULL,'LEB','2017-10-18 08:06:33',NULL),
	(1198,100,7,'Banco','2017-07-11',NULL,615,0,NULL,'LEB','2017-10-18 08:06:33',NULL),
	(1199,24,7,'Banco','2017-07-11',NULL,571,0,NULL,'LEB','2017-10-18 08:06:33',NULL),
	(1200,67,7,'Tesouraria','2017-07-05',NULL,369,0,NULL,'LEB','2017-10-18 08:06:33',NULL),
	(1201,208,7,'Banco','2017-07-11',NULL,485,0,NULL,'LEB','2017-10-18 08:06:33',NULL),
	(1202,81,7,'Banco','2017-08-07',16.92,631.92,0,NULL,'LEB','2017-10-18 08:06:33',NULL),
	(1203,42,7,'Tesouraria','2017-07-04',NULL,615,0,NULL,'LEB','2017-10-18 08:06:33',NULL),
	(1204,68,7,'Banco','2017-07-11',NULL,615,0,NULL,'LEB','2017-10-18 08:06:33',NULL),
	(1205,101,7,'Tesouraria','2017-07-10',NULL,123,0,NULL,'LEB','2017-10-18 08:06:33',NULL),
	(1206,43,7,'Tesouraria','2017-07-04',NULL,584.25,0,NULL,'LEB','2017-10-18 08:06:33',NULL),
	(1207,25,7,'Banco','2017-07-11',NULL,571,0,NULL,'LEB','2017-10-18 08:06:33',NULL),
	(1208,228,7,'Tesouraria','2017-08-16',16.23,501.23,0,NULL,'LEB','2017-10-18 08:06:33',NULL),
	(1209,180,7,'Banco','2017-07-24',NULL,460.75,0,NULL,'LEB','2017-10-18 08:06:33',NULL),
	(1210,44,7,'Banco','2017-07-11',NULL,553.5,0,NULL,'LEB','2017-10-18 08:06:33',NULL),
	(1211,147,7,'Banco','2017-07-11',NULL,860,0,NULL,'LEB','2017-10-18 08:06:33',NULL),
	(1212,192,7,'Tesouraria','2017-07-11',NULL,485,0,NULL,'LEB','2017-10-18 08:06:33',NULL),
	(1213,10,7,'Banco','2017-07-25',NULL,571,0,NULL,'LEB','2017-10-18 08:06:33',NULL),
	(1214,84,7,'Banco','2017-07-06',NULL,615,0,NULL,'LEB','2017-10-18 08:06:33',NULL),
	(1215,229,7,'Tesouraria','2017-07-12',NULL,485,0,NULL,'LEB','2017-10-18 08:06:33',NULL),
	(1216,45,7,'Banco','2017-07-11',NULL,615,0,NULL,'LEB','2017-10-18 08:06:33',NULL),
	(1217,209,7,'Banco','2017-08-11',17.05,502.05,0,NULL,'LEB','2017-10-18 08:06:33',NULL),
	(1218,148,7,'Banco','2017-08-04',21.49,881.49,0,NULL,'LEB','2017-10-18 08:06:33',NULL),
	(1219,210,7,'Banco','2017-07-07',NULL,485,0,NULL,'LEB','2017-10-18 08:06:33',NULL),
	(1220,102,7,'Banco','2017-07-05',NULL,615,0,NULL,'LEB','2017-10-18 08:06:33',NULL),
	(1221,103,7,'Banco','2017-07-11',NULL,615,0,NULL,'LEB','2017-10-18 08:06:33',NULL),
	(1222,230,7,'Banco','2017-07-11',NULL,485,0,NULL,'LEB','2017-10-18 08:06:33',NULL),
	(1223,216,7,'Tesouraria','2017-08-16',16.23,501.23,0,NULL,'LEB','2017-10-18 08:06:33',NULL),
	(1224,170,7,'Banco','2017-07-11',NULL,860,0,NULL,'LEB','2017-10-18 08:06:33',NULL),
	(1225,104,7,'Tesouraria','2017-07-14',NULL,584.25,0,NULL,'LEB','2017-10-18 08:06:33',NULL),
	(1226,182,7,'Banco','2017-07-07',NULL,485,0,NULL,'LEB','2017-10-18 08:06:33',NULL),
	(1227,211,7,'Tesouraria','2017-07-06',NULL,485,0,NULL,'LEB','2017-10-18 08:06:33',NULL),
	(1228,149,7,'Tesouraria','2017-02-01',NULL,860,0,NULL,'LEB','2017-10-18 08:06:33',NULL),
	(1229,171,7,'Banco','2017-07-11',NULL,860,0,NULL,'LEB','2017-10-18 08:06:33',NULL),
	(1230,150,7,'Banco','2017-07-24',NULL,860,0,NULL,'LEB','2017-10-18 08:06:33',NULL),
	(1231,151,7,'Tesouraria','2017-07-11',NULL,172,0,NULL,'LEB','2017-10-18 08:06:33',NULL),
	(1232,26,7,'Tesouraria','2017-07-05',NULL,571,0,NULL,'LEB','2017-10-18 08:06:33',NULL),
	(1233,212,7,'Banco','2017-07-11',NULL,485,0,NULL,'LEB','2017-10-18 08:06:33',NULL),
	(1234,183,7,'Tesouraria','2017-08-30',15.58,476.33,0,NULL,'LEB','2017-10-18 08:06:33',NULL),
	(1235,123,7,'Tesouraria','2017-07-24',4.25,169.45,0,NULL,'LEB','2017-10-18 08:06:33',NULL),
	(1236,213,7,'Banco','2017-07-11',NULL,485,0,NULL,'LEB','2017-10-18 08:06:33',NULL),
	(1237,194,7,'Banco','2017-07-11',NULL,291,0,NULL,'LEB','2017-10-18 08:06:33',NULL),
	(1238,46,7,'Banco','2017-07-07',NULL,553.5,0,NULL,'LEB','2017-10-18 08:06:33',NULL),
	(1239,152,7,'Banco','2017-07-11',NULL,860,0,NULL,'LEB','2017-10-18 08:06:33',NULL),
	(1240,160,7,'Tesouraria','2017-07-11',NULL,860,0,NULL,'LEB','2017-10-18 08:06:33',NULL),
	(1241,47,7,'Tesouraria','2017-07-06',NULL,615,0,NULL,'LEB','2017-10-18 08:06:33',NULL),
	(1242,124,7,'Banco','2017-07-07',NULL,826,0,NULL,'LEB','2017-10-18 08:06:33',NULL),
	(1243,214,7,'Banco','2017-07-07',NULL,485,0,NULL,'LEB','2017-10-18 08:06:33',NULL),
	(1244,86,7,'Tesouraria','2017-09-13',23.69,638.69,0,NULL,'LEB','2017-10-18 08:06:33',NULL),
	(1245,105,7,'Banco','2017-07-10',NULL,584.25,0,NULL,'LEB','2017-10-18 08:06:33',NULL),
	(1246,87,7,'Banco','2017-07-11',NULL,615,0,NULL,'LEB','2017-10-18 08:06:33',NULL),
	(1247,161,7,'Banco','2017-07-07',NULL,860,0,NULL,'LEB','2017-10-18 08:06:33',NULL),
	(1248,125,7,'Banco','2017-07-12',17.51,843.51,0,NULL,'LEB','2017-10-18 08:06:33',NULL),
	(1249,215,7,'Banco','2017-07-11',NULL,460.75,0,NULL,'LEB','2017-10-18 08:06:33',NULL),
	(1250,48,7,'Banco','2017-07-10',NULL,615,0,NULL,'LEB','2017-10-18 08:06:33',NULL),
	(1251,153,7,'Banco','2017-07-05',NULL,860,0,NULL,'LEB','2017-10-18 08:06:33',NULL),
	(1252,69,7,'Banco','2017-07-11',NULL,615,0,NULL,'LEB','2017-10-18 08:06:33',NULL),
	(1253,231,7,'Banco','2017-09-20',25.13,640.13,0,NULL,'LEB','2017-10-18 08:06:33',NULL),
	(1254,107,7,'Tesouraria','2017-07-06',NULL,615,0,NULL,'LEB','2017-10-18 08:06:33',NULL),
	(1255,70,7,'Banco','2017-07-07',NULL,615,0,NULL,'LEB','2017-10-18 08:06:33',NULL),
	(1256,11,7,'Tesouraria','2017-09-04',20.26,591.26,0,NULL,'LEB','2017-10-18 08:06:33',NULL),
	(1257,88,7,'Banco','2017-07-11',NULL,615,0,NULL,'LEB','2017-10-18 08:06:33',NULL),
	(1258,173,7,'Banco','2017-07-05',NULL,860,0,NULL,'LEB','2017-10-18 08:06:33',NULL),
	(1259,126,8,'Banco','2017-08-22',3.63,863.63,0,NULL,'LEB','2017-10-18 08:06:33',NULL),
	(1260,89,8,'Tesouraria','2017-09-14',NULL,553.5,0,NULL,'LEB','2017-10-18 08:06:33',NULL),
	(1261,12,8,'Tesouraria','2017-08-17',13.34,584.34,0,NULL,'LEB','2017-10-18 08:06:33',NULL),
	(1262,12,8,'Tesouraria','2017-08-03',NULL,571,0,NULL,'LEB','2017-10-18 08:06:33',NULL),
	(1263,217,8,'Tesouraria','2017-08-07',NULL,460.75,0,NULL,'LEB','2017-10-18 08:06:33',NULL),
	(1264,195,8,'Banco','2017-08-08',NULL,485,0,NULL,'LEB','2017-10-18 08:06:33',NULL),
	(1265,13,8,'Banco','2017-08-07',NULL,571,0,NULL,'LEB','2017-10-18 08:06:33',NULL),
	(1266,1,8,'Banco','2017-08-09',NULL,571,0,NULL,'LEB','2017-10-18 08:06:33',NULL),
	(1267,49,8,'Banco','2017-08-08',NULL,615,0,NULL,'LEB','2017-10-18 08:06:33',NULL),
	(1268,128,8,'Banco','2017-08-08',NULL,860,0,NULL,'LEB','2017-10-18 08:06:33',NULL),
	(1269,154,8,'Banco','2017-08-09',NULL,774,0,NULL,'LEB','2017-10-18 08:06:33',NULL),
	(1270,14,8,'Banco','2017-08-09',NULL,571,0,NULL,'LEB','2017-10-18 08:06:33',NULL),
	(1271,50,8,'Banco','2017-08-09',NULL,615,0,NULL,'LEB','2017-10-18 08:06:33',NULL),
	(1272,15,8,'Tesouraria','2017-08-09',NULL,571,0,NULL,'LEB','2017-10-18 08:06:33',NULL),
	(1273,71,8,'Banco','2017-08-09',NULL,615,0,NULL,'LEB','2017-10-18 08:06:33',NULL),
	(1274,72,8,'Tesouraria','2017-08-07',NULL,615,0,NULL,'LEB','2017-10-18 08:06:33',NULL),
	(1275,162,8,'Banco','2017-08-10',NULL,860,0,NULL,'LEB','2017-10-18 08:06:33',NULL),
	(1276,129,8,'Tesouraria','2017-03-27',NULL,860,0,NULL,'LEB','2017-10-18 08:06:33',NULL),
	(1277,52,8,'Banco','2017-08-09',NULL,615,0,NULL,'LEB','2017-10-18 08:06:33',NULL),
	(1278,53,8,'Tesouraria','2017-08-16',2.83,125.83,0,NULL,'LEB','2017-10-18 08:06:33',NULL),
	(1279,218,8,'Tesouraria','2017-08-09',NULL,485,0,NULL,'LEB','2017-10-18 08:06:33',NULL),
	(1280,184,8,'Tesouraria','2017-08-07',NULL,485,0,NULL,'LEB','2017-10-18 08:06:33',NULL),
	(1281,73,8,'Tesouraria','2017-03-27',NULL,615,0,NULL,'LEB','2017-10-18 08:06:33',NULL),
	(1282,90,8,'Banco','2017-08-04',NULL,615,0,NULL,'LEB','2017-10-18 08:06:33',NULL),
	(1283,55,8,'Tesouraria','2017-08-30',14.37,629.37,0,NULL,'LEB','2017-10-18 08:06:33',NULL),
	(1284,108,8,'Tesouraria','2017-08-08',NULL,165.2,0,NULL,'LEB','2017-10-18 08:06:33',NULL),
	(1285,18,8,'Tesouraria','2017-08-04',NULL,571,0,NULL,'LEB','2017-10-18 08:06:33',NULL),
	(1286,155,8,'Tesouraria','2017-08-09',NULL,860,0,NULL,'LEB','2017-10-18 08:06:33',NULL),
	(1287,163,8,'Banco','2017-08-09',NULL,860,0,NULL,'LEB','2017-10-18 08:06:33',NULL),
	(1288,109,8,'Tesouraria','2017-08-10',17.35,843.35,0,NULL,'LEB','2017-10-18 08:06:33',NULL),
	(1289,164,8,'Banco','2017-08-04',NULL,172,0,NULL,'LEB','2017-10-18 08:06:33',NULL),
	(1290,130,8,'Tesouraria','2017-09-12',NULL,860,0,NULL,'LEB','2017-10-18 08:06:33',NULL),
	(1291,110,8,'Banco','2017-08-09',NULL,826,0,NULL,'LEB','2017-10-18 08:06:33',NULL),
	(1292,219,8,'Tesouraria','2017-09-14',NULL,460.75,0,NULL,'LEB','2017-10-18 08:06:33',NULL),
	(1293,91,8,'Banco','2017-08-09',NULL,615,0,NULL,'LEB','2017-10-18 08:06:33',NULL),
	(1294,131,8,'Tesouraria','2017-08-10',NULL,172,0,NULL,'LEB','2017-10-18 08:06:33',NULL),
	(1295,220,8,'Banco','2017-08-09',NULL,485,0,NULL,'LEB','2017-10-18 08:06:33',NULL),
	(1296,132,8,'Banco','2017-08-09',NULL,860,0,NULL,'LEB','2017-10-18 08:06:33',NULL),
	(1297,196,8,'Banco','2017-08-09',NULL,485,0,NULL,'LEB','2017-10-18 08:06:33',NULL),
	(1298,111,8,'Banco','2017-08-09',NULL,826,0,NULL,'LEB','2017-10-18 08:06:33',NULL),
	(1299,74,8,'Banco','2017-08-09',NULL,615,0,NULL,'LEB','2017-10-18 08:06:33',NULL),
	(1300,112,8,'Tesouraria','2017-09-06',24.86,850.86,0,NULL,'LEB','2017-10-18 08:06:33',NULL),
	(1301,113,8,'Banco','2017-08-08',NULL,826,0,NULL,'LEB','2017-10-18 08:06:33',NULL),
	(1302,197,8,'Banco','2017-08-09',NULL,485,0,NULL,'LEB','2017-10-18 08:06:33',NULL),
	(1303,114,8,'Tesouraria','2017-08-18',NULL,826,0,NULL,'LEB','2017-10-18 08:06:33',NULL),
	(1304,133,8,'Banco','2017-08-07',NULL,860,0,NULL,'LEB','2017-10-18 08:06:33',NULL),
	(1305,92,8,'Tesouraria','2017-08-04',NULL,615,0,NULL,'LEB','2017-10-18 08:06:33',NULL),
	(1306,93,8,'Banco','2017-08-09',NULL,615,0,NULL,'LEB','2017-10-18 08:06:33',NULL),
	(1307,115,8,'Tesouraria','2017-08-29',NULL,165.2,0,NULL,'LEB','2017-10-18 08:06:33',NULL),
	(1308,135,8,'Banco','2017-08-09',NULL,860,0,NULL,'LEB','2017-10-18 08:06:33',NULL),
	(1309,136,8,'Banco','2017-08-09',NULL,860,0,NULL,'LEB','2017-10-18 08:06:33',NULL),
	(1310,2,8,'Banco','2017-08-09',NULL,571,0,NULL,'LEB','2017-10-18 08:06:33',NULL),
	(1311,56,8,'Banco','2017-08-09',NULL,615,0,NULL,'LEB','2017-10-18 08:06:33',NULL),
	(1312,166,8,'Banco','2017-08-04',NULL,700,0,NULL,'LEB','2017-10-18 08:06:33',NULL),
	(1313,20,8,'Banco','2017-08-09',NULL,571,0,NULL,'LEB','2017-10-18 08:06:33',NULL),
	(1314,137,8,'Tesouraria','2017-08-16',NULL,860,0,NULL,'LEB','2017-10-18 08:06:33',NULL),
	(1315,27,8,'Tesouraria','2017-09-04',15.41,630.41,0,NULL,'LEB','2017-10-18 08:06:33',NULL),
	(1316,22,8,'Banco','2017-08-09',NULL,571,0,NULL,'LEB','2017-10-18 08:06:33',NULL),
	(1317,138,8,'Tesouraria','2017-08-22',NULL,600,0,NULL,'LEB','2017-10-18 08:06:33',NULL),
	(1318,95,8,'Banco','2017-08-04',NULL,615,0,NULL,'LEB','2017-10-18 08:06:33',NULL),
	(1319,28,8,'Tesouraria','2017-02-02',NULL,615,0,NULL,'LEB','2017-10-18 08:06:33',NULL),
	(1320,186,8,'Banco','2017-08-09',NULL,485,0,NULL,'LEB','2017-10-18 08:06:33',NULL),
	(1321,139,8,'Tesouraria','2017-08-10',NULL,860,0,NULL,'LEB','2017-10-18 08:06:33',NULL),
	(1322,168,8,'Banco','2017-08-09',NULL,309.6,0,NULL,'LEB','2017-10-18 08:06:33',NULL),
	(1323,140,8,'Banco','2017-08-09',NULL,215,0,NULL,'LEB','2017-10-18 08:06:33',NULL),
	(1324,3,8,'Tesouraria','2017-03-31',NULL,571,0,NULL,'LEB','2017-10-18 08:06:33',NULL),
	(1325,29,8,'Banco','2017-08-08',NULL,615,0,NULL,'LEB','2017-10-18 08:06:33',NULL),
	(1326,187,8,'Banco','2017-08-08',NULL,485,0,NULL,'LEB','2017-10-18 08:06:33',NULL),
	(1327,169,8,'Tesouraria','2017-09-12',NULL,860,0,NULL,'LEB','2017-10-18 08:06:33',NULL),
	(1328,234,8,'Tesouraria','2017-08-25',NULL,242.5,0,NULL,'LEB','2017-10-18 08:06:33',NULL),
	(1329,57,8,'Tesouraria','2017-02-01',NULL,615,0,NULL,'LEB','2017-10-18 08:06:33',NULL),
	(1330,58,8,'Tesouraria','2017-08-09',NULL,615,0,NULL,'LEB','2017-10-18 08:06:33',NULL),
	(1331,188,8,'Banco','2017-08-09',NULL,460.75,0,NULL,'LEB','2017-10-18 08:06:33',NULL),
	(1332,221,8,'Banco','2017-08-09',NULL,460.75,0,NULL,'LEB','2017-10-18 08:06:33',NULL),
	(1333,141,8,'Banco','2017-08-09',NULL,860,0,NULL,'LEB','2017-10-18 08:06:33',NULL),
	(1334,142,8,'Banco','2017-08-09',NULL,860,0,NULL,'LEB','2017-10-18 08:06:33',NULL),
	(1335,30,8,'Banco','2017-08-08',NULL,615,0,NULL,'LEB','2017-10-18 08:06:33',NULL),
	(1336,59,8,'Tesouraria','2017-03-27',NULL,584.25,0,NULL,'LEB','2017-10-18 08:06:33',NULL),
	(1337,222,8,'Banco','2017-08-09',NULL,97,0,NULL,'LEB','2017-10-18 08:06:33',NULL),
	(1338,189,8,'Banco','2017-08-09',NULL,460.75,0,NULL,'LEB','2017-10-18 08:06:33',NULL),
	(1339,116,8,'Banco','2017-08-09',NULL,826,0,NULL,'LEB','2017-10-18 08:06:33',NULL),
	(1340,199,8,'Banco','2017-08-09',NULL,485,0,NULL,'LEB','2017-10-18 08:06:33',NULL),
	(1341,235,8,'Banco','2017-08-09',NULL,615,0,NULL,'LEB','2017-10-18 08:06:33',NULL),
	(1342,117,8,'Tesouraria','2017-08-28',18.74,844.74,0,NULL,'LEB','2017-10-18 08:06:33',NULL),
	(1343,175,8,'Tesouraria','2017-09-29',NULL,450,0,NULL,'LEB','2017-10-18 08:06:33',NULL),
	(1344,176,8,'Banco','2017-08-09',NULL,436.5,0,NULL,'LEB','2017-10-18 08:06:33',NULL),
	(1345,23,8,'Banco','2017-08-09',NULL,114.2,0,NULL,'LEB','2017-10-18 08:06:33',NULL),
	(1346,32,8,'Banco','2017-08-11',12.96,627.96,0,NULL,'LEB','2017-10-18 08:06:33',NULL),
	(1347,5,8,'Banco','2017-08-09',NULL,571,0,NULL,'LEB','2017-10-18 08:06:33',NULL),
	(1348,33,8,'Tesouraria','2017-09-12',NULL,307.5,0,NULL,'LEB','2017-10-18 08:06:33',NULL),
	(1349,6,8,'Banco','2017-08-03',NULL,571,0,NULL,'LEB','2017-10-18 08:06:33',NULL),
	(1350,158,8,'Banco','2017-08-09',NULL,860,0,NULL,'LEB','2017-10-18 08:06:33',NULL),
	(1351,34,8,'Banco','2017-08-09',NULL,615,0,NULL,'LEB','2017-10-18 08:06:33',NULL),
	(1352,35,8,'Banco','2017-08-04',NULL,615,0,NULL,'LEB','2017-10-18 08:06:33',NULL),
	(1353,223,8,'Banco','2017-08-09',NULL,485,0,NULL,'LEB','2017-10-18 08:06:33',NULL),
	(1354,201,8,'Banco','2017-08-04',NULL,445,0,NULL,'LEB','2017-10-18 08:06:33',NULL),
	(1355,202,8,'Banco','2017-08-09',NULL,485,0,NULL,'LEB','2017-10-18 08:06:33',NULL),
	(1356,178,8,'Tesouraria','2017-08-09',NULL,460.75,0,NULL,'LEB','2017-10-18 08:06:33',NULL),
	(1357,96,8,'Banco','2017-08-09',NULL,615,0,NULL,'LEB','2017-10-18 08:06:33',NULL),
	(1358,203,8,'Tesouraria','2017-08-09',NULL,485,0,NULL,'LEB','2017-10-18 08:06:33',NULL),
	(1359,224,8,'Banco','2017-08-21',NULL,485,0,NULL,'LEB','2017-10-18 08:06:33',NULL),
	(1360,204,8,'Banco','2017-08-07',NULL,485,0,NULL,'LEB','2017-10-18 08:06:33',NULL),
	(1361,119,8,'Banco','2017-08-09',NULL,826,0,NULL,'LEB','2017-10-18 08:06:33',NULL),
	(1362,62,8,'Banco','2017-08-09',NULL,615,0,NULL,'LEB','2017-10-18 08:06:33',NULL),
	(1363,37,8,'Banco','2017-08-07',NULL,615,0,NULL,'LEB','2017-10-18 08:06:33',NULL),
	(1364,190,8,'Tesouraria','2017-08-18',NULL,315,0,NULL,'LEB','2017-10-18 08:06:33',NULL),
	(1365,77,8,'Banco','2017-08-09',NULL,484.25,0,NULL,'LEB','2017-10-18 08:06:33',NULL),
	(1366,38,8,'Banco','2017-08-04',NULL,615,0,NULL,'LEB','2017-10-18 08:06:33',NULL),
	(1367,39,8,'Tesouraria','2017-08-07',NULL,615,0,NULL,'LEB','2017-10-18 08:06:33',NULL),
	(1368,63,8,'Banco','2017-09-20',NULL,615,0,NULL,'LEB','2017-10-18 08:06:33',NULL),
	(1369,179,8,'Tesouraria','2017-08-02',NULL,460.75,0,NULL,'LEB','2017-10-18 08:06:33',NULL),
	(1370,145,8,'Banco','2017-08-07',NULL,860,0,NULL,'LEB','2017-10-18 08:06:33',NULL),
	(1371,9,8,'Tesouraria','2017-08-07',NULL,571,0,NULL,'LEB','2017-10-18 08:06:33',NULL),
	(1372,97,8,'Banco','2017-08-09',NULL,615,0,NULL,'LEB','2017-10-18 08:06:33',NULL),
	(1373,40,8,'Banco','2017-08-09',NULL,584.25,0,NULL,'LEB','2017-10-18 08:06:33',NULL),
	(1374,225,8,'Banco','2017-08-09',NULL,460.75,0,NULL,'LEB','2017-10-18 08:06:33',NULL),
	(1375,120,8,'Banco','2017-08-07',NULL,826,0,NULL,'LEB','2017-10-18 08:06:33',NULL),
	(1376,206,8,'Tesouraria','2017-08-04',NULL,485,0,NULL,'LEB','2017-10-18 08:06:33',NULL),
	(1377,41,8,'Tesouraria','2017-08-04',NULL,584.25,0,NULL,'LEB','2017-10-18 08:06:33',NULL),
	(1378,146,8,'Tesouraria','2017-09-05',25.59,885.59,0,NULL,'LEB','2017-10-18 08:06:33',NULL),
	(1379,191,8,'Banco','2017-08-04',NULL,485,0,NULL,'LEB','2017-10-18 08:06:33',NULL),
	(1380,121,8,'Banco','2017-08-09',NULL,826,0,NULL,'LEB','2017-10-18 08:06:33',NULL),
	(1381,65,8,'Banco','2017-09-19',21.2,634.55,0,NULL,'LEB','2017-10-18 08:06:33',NULL),
	(1382,227,8,'Tesouraria','2017-08-09',NULL,460.75,0,NULL,'LEB','2017-10-18 08:06:33',NULL),
	(1383,66,8,'Banco','2017-08-09',NULL,615,0,NULL,'LEB','2017-10-18 08:06:33',NULL),
	(1384,99,8,'Tesouraria','2017-08-07',NULL,615,0,NULL,'LEB','2017-10-18 08:06:33',NULL),
	(1385,159,8,'Banco','2017-08-09',NULL,860,0,NULL,'LEB','2017-10-18 08:06:33',NULL),
	(1386,79,8,'Banco','2017-08-04',NULL,615,0,NULL,'LEB','2017-10-18 08:06:33',NULL),
	(1387,80,8,'Banco','2017-08-09',NULL,615,0,NULL,'LEB','2017-10-18 08:06:33',NULL),
	(1388,122,8,'Banco','2017-08-09',NULL,826,0,NULL,'LEB','2017-10-18 08:06:33',NULL),
	(1389,100,8,'Banco','2017-08-09',NULL,615,0,NULL,'LEB','2017-10-18 08:06:33',NULL),
	(1390,24,8,'Banco','2017-08-09',NULL,571,0,NULL,'LEB','2017-10-18 08:06:33',NULL),
	(1391,67,8,'Tesouraria','2017-08-07',NULL,369,0,NULL,'LEB','2017-10-18 08:06:33',NULL),
	(1392,208,8,'Tesouraria','2017-09-14',NULL,485,0,NULL,'LEB','2017-10-18 08:06:33',NULL),
	(1393,81,8,'Tesouraria','2017-09-29',NULL,542,0,NULL,'LEB','2017-10-18 08:06:33',NULL),
	(1394,42,8,'Tesouraria','2017-08-04',NULL,615,0,NULL,'LEB','2017-10-18 08:06:33',NULL),
	(1395,68,8,'Banco','2017-08-09',NULL,615,0,NULL,'LEB','2017-10-18 08:06:33',NULL),
	(1396,101,8,'Tesouraria','2017-08-10',NULL,123,0,NULL,'LEB','2017-10-18 08:06:33',NULL),
	(1397,43,8,'Tesouraria','2017-09-27',NULL,584.25,0,NULL,'LEB','2017-10-18 08:06:33',NULL),
	(1398,25,8,'Banco','2017-08-09',NULL,571,0,NULL,'LEB','2017-10-18 08:06:33',NULL),
	(1399,228,8,'Tesouraria','2017-08-10',NULL,485,0,NULL,'LEB','2017-10-18 08:06:33',NULL),
	(1400,44,8,'Banco','2017-08-21',NULL,553.5,0,NULL,'LEB','2017-10-18 08:06:33',NULL),
	(1401,147,8,'Tesouraria','2017-10-04',33.99,893.99,0,NULL,'LEB','2017-10-18 08:06:33',NULL),
	(1402,192,8,'Tesouraria','2017-08-08',NULL,485,0,NULL,'LEB','2017-10-18 08:06:33',NULL),
	(1403,84,8,'Banco','2017-08-07',NULL,615,0,NULL,'LEB','2017-10-18 08:06:33',NULL),
	(1404,229,8,'Tesouraria','2017-08-18',12.64,497.64,0,NULL,'LEB','2017-10-18 08:06:33',NULL),
	(1405,45,8,'Banco','2017-08-09',NULL,615,0,NULL,'LEB','2017-10-18 08:06:33',NULL),
	(1406,209,8,'Tesouraria','2017-09-05',14.43,499.43,0,NULL,'LEB','2017-10-18 08:06:33',NULL),
	(1407,181,8,'Banco','2017-08-07',NULL,485,0,NULL,'LEB','2017-10-18 08:06:33',NULL),
	(1408,148,8,'Tesouraria','2017-09-29',NULL,860,0,NULL,'LEB','2017-10-18 08:06:33',NULL),
	(1409,210,8,'Tesouraria','2017-08-07',NULL,485,0,NULL,'LEB','2017-10-18 08:06:33',NULL),
	(1410,102,8,'Banco','2017-08-07',NULL,615,0,NULL,'LEB','2017-10-18 08:06:33',NULL),
	(1411,103,8,'Banco','2017-08-09',NULL,615,0,NULL,'LEB','2017-10-18 08:06:33',NULL),
	(1412,230,8,'Banco','2017-08-10',10.03,495.03,0,NULL,'LEB','2017-10-18 08:06:33',NULL),
	(1413,216,8,'Tesouraria','2017-08-29',NULL,485,0,NULL,'LEB','2017-10-18 08:06:33',NULL),
	(1414,170,8,'Banco','2017-08-09',NULL,860,0,NULL,'LEB','2017-10-18 08:06:33',NULL),
	(1415,170,8,'Banco','2017-08-11',NULL,571,0,NULL,'LEB','2017-10-18 08:06:33',NULL),
	(1416,104,8,'Tesouraria','2017-08-22',NULL,584.25,0,NULL,'LEB','2017-10-18 08:06:33',NULL),
	(1417,182,8,'Banco','2017-08-21',NULL,485,0,NULL,'LEB','2017-10-18 08:06:33',NULL),
	(1418,211,8,'Tesouraria','2017-08-07',NULL,485,0,NULL,'LEB','2017-10-18 08:06:33',NULL),
	(1419,149,8,'Tesouraria','2017-02-01',NULL,860,0,NULL,'LEB','2017-10-18 08:06:33',NULL),
	(1420,171,8,'Banco','2017-08-09',NULL,860,0,NULL,'LEB','2017-10-18 08:06:33',NULL),
	(1421,150,8,'Tesouraria','2017-08-21',NULL,860,0,NULL,'LEB','2017-10-18 08:06:33',NULL),
	(1422,151,8,'Tesouraria','2017-09-13',NULL,172,0,NULL,'LEB','2017-10-18 08:06:33',NULL),
	(1423,26,8,'Tesouraria','2017-08-03',NULL,571,0,NULL,'LEB','2017-10-18 08:06:33',NULL),
	(1424,212,8,'Banco','2017-08-09',NULL,485,0,NULL,'LEB','2017-10-18 08:06:33',NULL),
	(1425,183,8,'Tesouraria','2017-08-30',10.77,471.52,0,NULL,'LEB','2017-10-18 08:06:33',NULL),
	(1426,123,8,'Tesouraria','2017-09-12',NULL,165.2,0,NULL,'LEB','2017-10-18 08:06:33',NULL),
	(1427,194,8,'Banco','2017-08-09',NULL,291,0,NULL,'LEB','2017-10-18 08:06:33',NULL),
	(1428,46,8,'Banco','2017-08-09',NULL,553.5,0,NULL,'LEB','2017-10-18 08:06:33',NULL),
	(1429,152,8,'Banco','2017-08-15',NULL,860,0,NULL,'LEB','2017-10-18 08:06:33',NULL),
	(1430,47,8,'Tesouraria','2017-08-02',NULL,615,0,NULL,'LEB','2017-10-18 08:06:33',NULL),
	(1431,124,8,'Banco','2017-08-09',NULL,826,0,NULL,'LEB','2017-10-18 08:06:33',NULL),
	(1432,214,8,'Banco','2017-08-18',12.67,497.67,0,NULL,'LEB','2017-10-18 08:06:33',NULL),
	(1433,86,8,'Tesouraria','2017-09-13',17.27,632.27,0,NULL,'LEB','2017-10-18 08:06:33',NULL),
	(1434,105,8,'Banco','2017-08-07',NULL,584.25,0,NULL,'LEB','2017-10-18 08:06:33',NULL),
	(1435,87,8,'Banco','2017-08-09',NULL,615,0,NULL,'LEB','2017-10-18 08:06:33',NULL),
	(1436,106,8,'Banco','2017-08-09',NULL,615,0,NULL,'LEB','2017-10-18 08:06:33',NULL),
	(1437,161,8,'Tesouraria','2017-08-10',NULL,860,0,NULL,'LEB','2017-10-18 08:06:33',NULL),
	(1438,125,8,'Banco','2017-08-09',NULL,826,0,NULL,'LEB','2017-10-18 08:06:33',NULL),
	(1439,215,8,'Banco','2017-08-09',NULL,460.75,0,NULL,'LEB','2017-10-18 08:06:33',NULL),
	(1440,48,8,'Banco','2017-08-07',NULL,615,0,NULL,'LEB','2017-10-18 08:06:33',NULL),
	(1441,153,8,'Banco','2017-08-07',NULL,860,0,NULL,'LEB','2017-10-18 08:06:33',NULL),
	(1442,69,8,'Banco','2017-08-04',NULL,615,0,NULL,'LEB','2017-10-18 08:06:33',NULL),
	(1443,231,8,'Banco','2017-09-20',NULL,615,0,NULL,'LEB','2017-10-18 08:06:33',NULL),
	(1444,107,8,'Tesouraria','2017-08-09',NULL,615,0,NULL,'LEB','2017-10-18 08:06:33',NULL),
	(1445,70,8,'Banco','2017-08-09',NULL,615,0,NULL,'LEB','2017-10-18 08:06:33',NULL),
	(1446,11,8,'Tesouraria','2017-09-04',14.3,585.3,0,NULL,'LEB','2017-10-18 08:06:33',NULL),
	(1447,88,8,'Banco','2017-08-04',NULL,615,0,NULL,'LEB','2017-10-18 08:06:33',NULL),
	(1448,173,8,'Banco','2017-08-09',NULL,860,0,NULL,'LEB','2017-10-18 08:06:33',NULL),
	(1449,89,9,'Tesouraria','2017-09-14',NULL,553.5,0,NULL,'LEB','2017-10-18 08:06:33',NULL),
	(1450,12,9,'Tesouraria','2017-09-13',NULL,571,0,NULL,'LEB','2017-10-18 08:06:33',NULL),
	(1451,217,9,'Tesouraria','2017-09-06',NULL,460.75,0,NULL,'LEB','2017-10-18 08:06:33',NULL),
	(1452,195,9,'Tesouraria','2017-09-05',NULL,485,0,NULL,'LEB','2017-10-18 08:06:33',NULL),
	(1453,1,9,'Tesouraria','2017-09-14',NULL,571,0,NULL,'LEB','2017-10-18 08:06:33',NULL),
	(1454,49,9,'Tesouraria','2017-09-11',NULL,615,0,NULL,'LEB','2017-10-18 08:06:33',NULL),
	(1455,128,9,'Tesouraria','2017-09-06',NULL,860,0,NULL,'LEB','2017-10-18 08:06:33',NULL),
	(1456,50,9,'Tesouraria','2017-09-06',NULL,615,0,NULL,'LEB','2017-10-18 08:06:33',NULL),
	(1457,15,9,'Tesouraria','2017-09-11',NULL,399.7,0,NULL,'LEB','2017-10-18 08:06:33',NULL),
	(1458,71,9,'Tesouraria','2017-09-05',NULL,615,0,NULL,'LEB','2017-10-18 08:06:33',NULL),
	(1459,72,9,'Tesouraria','2017-09-06',NULL,615,0,NULL,'LEB','2017-10-18 08:06:33',NULL),
	(1460,162,9,'Tesouraria','2017-10-06',NULL,860,0,NULL,'LEB','2017-10-18 08:06:33',NULL),
	(1461,129,9,'Tesouraria','2017-03-27',NULL,860,0,NULL,'LEB','2017-10-18 08:06:33',NULL),
	(1462,52,9,'Tesouraria','2017-09-11',NULL,430.5,0,NULL,'LEB','2017-10-18 08:06:33',NULL),
	(1463,53,9,'Tesouraria','2017-10-06',NULL,123,0,NULL,'LEB','2017-10-18 08:06:33',NULL),
	(1464,218,9,'Tesouraria','2017-09-26',12.8,497.8,0,NULL,'LEB','2017-10-18 08:06:33',NULL),
	(1465,73,9,'Tesouraria','2017-03-27',NULL,615,0,NULL,'LEB','2017-10-18 08:06:33',NULL),
	(1466,90,9,'Tesouraria','2017-09-06',NULL,615,0,NULL,'LEB','2017-10-18 08:06:33',NULL),
	(1467,55,9,'Tesouraria','2017-08-30',NULL,615,0,NULL,'LEB','2017-10-18 08:06:33',NULL),
	(1468,17,9,'Tesouraria','2017-09-20',NULL,571,0,NULL,'LEB','2017-10-18 08:06:33',NULL),
	(1469,108,9,'Tesouraria','2017-09-12',NULL,165.2,0,NULL,'LEB','2017-10-18 08:06:33',NULL),
	(1470,18,9,'Tesouraria','2017-09-05',NULL,571,0,NULL,'LEB','2017-10-18 08:06:33',NULL),
	(1471,155,9,'Tesouraria','2017-09-14',NULL,860,0,NULL,'LEB','2017-10-18 08:06:33',NULL),
	(1472,163,9,'Tesouraria','2017-09-06',NULL,860,0,NULL,'LEB','2017-10-18 08:06:33',NULL),
	(1473,109,9,'Tesouraria','2017-09-13',NULL,826,0,NULL,'LEB','2017-10-18 08:06:33',NULL),
	(1474,164,9,'Tesouraria','2017-10-06',NULL,172,0,NULL,'LEB','2017-10-18 08:06:33',NULL),
	(1475,130,9,'Tesouraria','2017-09-14',NULL,860,0,NULL,'LEB','2017-10-18 08:06:33',NULL),
	(1476,110,9,'Tesouraria','2017-09-06',NULL,826,0,NULL,'LEB','2017-10-18 08:06:33',NULL),
	(1477,219,9,'Tesouraria','2017-09-14',NULL,460.75,0,NULL,'LEB','2017-10-18 08:06:33',NULL),
	(1478,91,9,'Tesouraria','2017-09-11',NULL,615,0,NULL,'LEB','2017-10-18 08:06:33',NULL),
	(1479,131,9,'Tesouraria','2017-09-12',NULL,172,0,NULL,'LEB','2017-10-18 08:06:33',NULL),
	(1480,220,9,'Tesouraria','2017-09-06',NULL,485,0,NULL,'LEB','2017-10-18 08:06:33',NULL),
	(1481,132,9,'Tesouraria','2017-09-05',NULL,860,0,NULL,'LEB','2017-10-18 08:06:33',NULL),
	(1482,196,9,'Tesouraria','2017-09-06',NULL,485,0,NULL,'LEB','2017-10-18 08:06:33',NULL),
	(1483,111,9,'Tesouraria','2017-09-12',NULL,826,0,NULL,'LEB','2017-10-18 08:06:33',NULL),
	(1484,197,9,'Tesouraria','2017-09-06',NULL,339.5,0,NULL,'LEB','2017-10-18 08:06:33',NULL),
	(1485,133,9,'Tesouraria','2017-09-04',NULL,860,0,NULL,'LEB','2017-10-18 08:06:33',NULL),
	(1486,93,9,'Tesouraria','2017-09-06',NULL,615,0,NULL,'LEB','2017-10-18 08:06:33',NULL),
	(1487,115,9,'Tesouraria','2017-09-20',NULL,165.2,0,NULL,'LEB','2017-10-18 08:06:33',NULL),
	(1488,136,9,'Tesouraria','2017-09-06',NULL,860,0,NULL,'LEB','2017-10-18 08:06:33',NULL),
	(1489,2,9,'Tesouraria','2017-09-11',NULL,571,0,NULL,'LEB','2017-10-18 08:06:33',NULL),
	(1490,56,9,'Tesouraria','2017-09-06',NULL,615,0,NULL,'LEB','2017-10-18 08:06:33',NULL),
	(1491,166,9,'Tesouraria','2017-09-06',NULL,700,0,NULL,'LEB','2017-10-18 08:06:33',NULL),
	(1492,20,9,'Tesouraria','2017-09-06',NULL,542.45,0,NULL,'LEB','2017-10-18 08:06:33',NULL),
	(1493,137,9,'Tesouraria','2017-09-27',NULL,860,0,NULL,'LEB','2017-10-18 08:06:33',NULL),
	(1494,22,9,'Tesouraria','2017-09-06',NULL,571,0,NULL,'LEB','2017-10-18 08:06:33',NULL),
	(1495,138,9,'Tesouraria','2017-09-11',NULL,600,0,NULL,'LEB','2017-10-18 08:06:33',NULL),
	(1496,95,9,'Tesouraria','2017-09-06',NULL,615,0,NULL,'LEB','2017-10-18 08:06:33',NULL),
	(1497,28,9,'Tesouraria','2017-02-02',NULL,615,0,NULL,'LEB','2017-10-18 08:06:33',NULL),
	(1498,186,9,'Tesouraria','2017-10-06',NULL,339.5,0,NULL,'LEB','2017-10-18 08:06:33',NULL),
	(1499,139,9,'Tesouraria','2017-09-06',NULL,860,0,NULL,'LEB','2017-10-18 08:06:33',NULL),
	(1500,140,9,'Tesouraria','2017-09-06',NULL,215,0,NULL,'LEB','2017-10-18 08:06:33',NULL),
	(1501,3,9,'Tesouraria','2017-03-31',NULL,571,0,NULL,'LEB','2017-10-18 08:06:33',NULL),
	(1502,29,9,'Tesouraria','2017-09-06',NULL,430.5,0,NULL,'LEB','2017-10-18 08:06:33',NULL),
	(1503,187,9,'Banco','2017-09-11',NULL,485,0,NULL,'LEB','2017-10-18 08:06:33',NULL),
	(1504,169,9,'Tesouraria','2017-09-14',NULL,860,0,NULL,'LEB','2017-10-18 08:06:33',NULL),
	(1505,57,9,'Tesouraria','2017-02-01',NULL,615,0,NULL,'LEB','2017-10-18 08:06:33',NULL),
	(1506,58,9,'Tesouraria','2017-09-12',NULL,615,0,NULL,'LEB','2017-10-18 08:06:33',NULL),
	(1507,188,9,'Tesouraria','2017-09-12',NULL,460.75,0,NULL,'LEB','2017-10-18 08:06:33',NULL),
	(1508,141,9,'Tesouraria','2017-09-06',NULL,860,0,NULL,'LEB','2017-10-18 08:06:33',NULL),
	(1509,30,9,'Tesouraria','2017-09-05',NULL,615,0,NULL,'LEB','2017-10-18 08:06:33',NULL),
	(1510,59,9,'Tesouraria','2017-03-27',NULL,584.25,0,NULL,'LEB','2017-10-18 08:06:33',NULL),
	(1511,222,9,'Tesouraria','2017-09-06',NULL,97,0,NULL,'LEB','2017-10-18 08:06:33',NULL),
	(1512,189,9,'Tesouraria','2017-09-06',NULL,460.75,0,NULL,'LEB','2017-10-18 08:06:33',NULL),
	(1513,116,9,'Tesouraria','2017-09-06',NULL,826,0,NULL,'LEB','2017-10-18 08:06:33',NULL),
	(1514,199,9,'Tesouraria','2017-09-11',NULL,485,0,NULL,'LEB','2017-10-18 08:06:33',NULL),
	(1515,235,9,'Tesouraria','2017-09-11',NULL,615,0,NULL,'LEB','2017-10-18 08:06:33',NULL),
	(1516,117,9,'Tesouraria','2017-09-21',NULL,826,0,NULL,'LEB','2017-10-18 08:06:33',NULL),
	(1517,176,9,'Tesouraria','2017-09-11',NULL,436.5,0,NULL,'LEB','2017-10-18 08:06:33',NULL),
	(1518,23,9,'Tesouraria','2017-09-11',NULL,114.2,0,NULL,'LEB','2017-10-18 08:06:33',NULL),
	(1519,32,9,'Tesouraria','2017-09-06',NULL,615,0,NULL,'LEB','2017-10-18 08:06:33',NULL),
	(1520,5,9,'Tesouraria','2017-09-06',NULL,571,0,NULL,'LEB','2017-10-18 08:06:33',NULL),
	(1521,33,9,'Tesouraria','2017-09-12',NULL,307.5,0,NULL,'LEB','2017-10-18 08:06:33',NULL),
	(1522,6,9,'Tesouraria','2017-09-04',NULL,571,0,NULL,'LEB','2017-10-18 08:06:33',NULL),
	(1523,34,9,'Tesouraria','2017-09-12',NULL,615,0,NULL,'LEB','2017-10-18 08:06:33',NULL),
	(1524,35,9,'Tesouraria','2017-09-05',NULL,615,0,NULL,'LEB','2017-10-18 08:06:33',NULL),
	(1525,223,9,'Tesouraria','2017-09-11',NULL,485,0,NULL,'LEB','2017-10-18 08:06:33',NULL),
	(1526,201,9,'Tesouraria','2017-09-13',NULL,445,0,NULL,'LEB','2017-10-18 08:06:33',NULL),
	(1527,178,9,'Tesouraria','2017-09-12',NULL,460.75,0,NULL,'LEB','2017-10-18 08:06:33',NULL),
	(1528,96,9,'Tesouraria','2017-09-11',NULL,615,0,NULL,'LEB','2017-10-18 08:06:33',NULL),
	(1529,203,9,'Tesouraria','2017-09-11',NULL,485,0,NULL,'LEB','2017-10-18 08:06:33',NULL),
	(1530,224,9,'Tesouraria','2017-09-15',NULL,485,0,NULL,'LEB','2017-10-18 08:06:33',NULL),
	(1531,204,9,'Tesouraria','2017-09-05',NULL,339.5,0,NULL,'LEB','2017-10-18 08:06:33',NULL),
	(1532,119,9,'Tesouraria','2017-09-12',NULL,826,0,NULL,'LEB','2017-10-18 08:06:33',NULL),
	(1533,62,9,'Tesouraria','2017-09-06',NULL,615,0,NULL,'LEB','2017-10-18 08:06:33',NULL),
	(1534,37,9,'Tesouraria','2017-09-11',NULL,615,0,NULL,'LEB','2017-10-18 08:06:33',NULL),
	(1535,77,9,'Tesouraria','2017-09-14',NULL,584.25,0,NULL,'LEB','2017-10-18 08:06:33',NULL),
	(1536,38,9,'Tesouraria','2017-09-05',NULL,430.5,0,NULL,'LEB','2017-10-18 08:06:33',NULL),
	(1537,39,9,'Tesouraria','2017-10-06',NULL,430.5,0,NULL,'LEB','2017-10-18 08:06:33',NULL),
	(1538,63,9,'Tesouraria','2017-09-20',NULL,430.5,0,NULL,'LEB','2017-10-18 08:06:33',NULL),
	(1539,179,9,'Tesouraria','2017-09-06',NULL,460.75,0,NULL,'LEB','2017-10-18 08:06:33',NULL),
	(1540,145,9,'Tesouraria','2017-09-11',NULL,860,0,NULL,'LEB','2017-10-18 08:06:33',NULL),
	(1541,97,9,'Tesouraria','2017-09-06',NULL,615,0,NULL,'LEB','2017-10-18 08:06:33',NULL),
	(1542,40,9,'Tesouraria','2017-09-06',NULL,584.25,0,NULL,'LEB','2017-10-18 08:06:33',NULL),
	(1543,225,9,'Tesouraria','2017-09-06',NULL,485,0,NULL,'LEB','2017-10-18 08:06:33',NULL),
	(1544,205,9,'Tesouraria','2017-09-11',NULL,485,0,NULL,'LEB','2017-10-18 08:06:33',NULL),
	(1545,120,9,'Tesouraria','2017-09-06',NULL,826,0,NULL,'LEB','2017-10-18 08:06:33',NULL),
	(1546,78,9,'Tesouraria','2017-09-11',NULL,615,0,NULL,'LEB','2017-10-18 08:06:33',NULL),
	(1547,41,9,'Tesouraria','2017-09-06',NULL,584.25,0,NULL,'LEB','2017-10-18 08:06:33',NULL),
	(1548,191,9,'Tesouraria','2017-09-05',NULL,485,0,NULL,'LEB','2017-10-18 08:06:33',NULL),
	(1549,121,9,'Tesouraria','2017-09-14',NULL,826,0,NULL,'LEB','2017-10-18 08:06:33',NULL),
	(1550,65,9,'Tesouraria','2017-09-12',NULL,615,0,NULL,'LEB','2017-10-18 08:06:33',NULL),
	(1551,227,9,'Tesouraria','2017-09-11',NULL,460.75,0,NULL,'LEB','2017-10-18 08:06:33',NULL),
	(1552,66,9,'Tesouraria','2017-09-05',NULL,615,0,NULL,'LEB','2017-10-18 08:06:33',NULL),
	(1553,99,9,'Tesouraria','2017-09-05',NULL,615,0,NULL,'LEB','2017-10-18 08:06:33',NULL),
	(1554,159,9,'Tesouraria','2017-09-05',NULL,860,0,NULL,'LEB','2017-10-18 08:06:33',NULL),
	(1555,79,9,'Tesouraria','2017-09-05',NULL,430.5,0,NULL,'LEB','2017-10-18 08:06:33',NULL),
	(1556,80,9,'Tesouraria','2017-09-06',NULL,615,0,NULL,'LEB','2017-10-18 08:06:33',NULL),
	(1557,122,9,'Tesouraria','2017-09-04',NULL,826,0,NULL,'LEB','2017-10-18 08:06:33',NULL),
	(1558,100,9,'Tesouraria','2017-09-06',NULL,615,0,NULL,'LEB','2017-10-18 08:06:33',NULL),
	(1559,24,9,'Tesouraria','2017-09-06',NULL,571,0,NULL,'LEB','2017-10-18 08:06:33',NULL),
	(1560,67,9,'Tesouraria','2017-09-11',NULL,369,0,NULL,'LEB','2017-10-18 08:06:33',NULL),
	(1561,208,9,'Tesouraria','2017-09-14',NULL,485,0,NULL,'LEB','2017-10-18 08:06:33',NULL),
	(1562,42,9,'Tesouraria','2017-09-04',NULL,615,0,NULL,'LEB','2017-10-18 08:06:33',NULL),
	(1563,68,9,'Tesouraria','2017-09-11',NULL,615,0,NULL,'LEB','2017-10-18 08:06:33',NULL),
	(1564,101,9,'Tesouraria','2017-09-12',NULL,123,0,NULL,'LEB','2017-10-18 08:06:33',NULL),
	(1565,43,9,'Tesouraria','2017-09-27',NULL,584.25,0,NULL,'LEB','2017-10-18 08:06:33',NULL),
	(1566,25,9,'Tesouraria','2017-09-12',NULL,571,0,NULL,'LEB','2017-10-18 08:06:33',NULL),
	(1567,228,9,'Tesouraria','2017-09-11',NULL,485,0,NULL,'LEB','2017-10-18 08:06:33',NULL),
	(1568,44,9,'Tesouraria','2017-09-15',NULL,553.5,0,NULL,'LEB','2017-10-18 08:06:33',NULL),
	(1569,192,9,'Tesouraria','2017-09-15',11.01,496.01,0,NULL,'LEB','2017-10-18 08:06:33',NULL),
	(1570,84,9,'Tesouraria','2017-09-06',NULL,615,0,NULL,'LEB','2017-10-18 08:06:33',NULL),
	(1571,229,9,'Tesouraria','2017-09-11',NULL,485,0,NULL,'LEB','2017-10-18 08:06:33',NULL),
	(1572,45,9,'Tesouraria','2017-09-11',NULL,615,0,NULL,'LEB','2017-10-18 08:06:33',NULL),
	(1573,181,9,'Tesouraria','2017-09-11',NULL,460.75,0,NULL,'LEB','2017-10-18 08:06:33',NULL),
	(1574,210,9,'Tesouraria','2017-09-05',NULL,339.5,0,NULL,'LEB','2017-10-18 08:06:33',NULL),
	(1575,102,9,'Tesouraria','2017-09-05',NULL,584.25,0,NULL,'LEB','2017-10-18 08:06:33',NULL),
	(1576,103,9,'Tesouraria','2017-09-06',NULL,615,0,NULL,'LEB','2017-10-18 08:06:33',NULL),
	(1577,216,9,'Tesouraria','2017-09-20',NULL,485,0,NULL,'LEB','2017-10-18 08:06:33',NULL),
	(1578,170,9,'Tesouraria','2017-09-06',NULL,860,0,NULL,'LEB','2017-10-18 08:06:33',NULL),
	(1579,170,9,'Tesouraria','2017-09-19',13.53,584.53,0,NULL,'LEB','2017-10-18 08:06:33',NULL),
	(1580,104,9,'Tesouraria','2017-09-21',NULL,584.25,0,NULL,'LEB','2017-10-18 08:06:33',NULL),
	(1581,182,9,'Tesouraria','2017-09-15',NULL,485,0,NULL,'LEB','2017-10-18 08:06:33',NULL),
	(1582,211,9,'Tesouraria','2017-09-06',NULL,485,0,NULL,'LEB','2017-10-18 08:06:33',NULL),
	(1583,149,9,'Tesouraria','2017-02-01',NULL,860,0,NULL,'LEB','2017-10-18 08:06:33',NULL),
	(1584,171,9,'Tesouraria','2017-09-11',NULL,860,0,NULL,'LEB','2017-10-18 08:06:33',NULL),
	(1585,151,9,'Tesouraria','2017-09-13',NULL,172,0,NULL,'LEB','2017-10-18 08:06:33',NULL),
	(1586,26,9,'Tesouraria','2017-09-04',NULL,571,0,NULL,'LEB','2017-10-18 08:06:33',NULL),
	(1587,212,9,'Tesouraria','2017-09-06',NULL,485,0,NULL,'LEB','2017-10-18 08:06:33',NULL),
	(1588,183,9,'Tesouraria','2017-08-30',NULL,460.75,0,NULL,'LEB','2017-10-18 08:06:33',NULL),
	(1589,123,9,'Tesouraria','2017-09-12',NULL,165.2,0,NULL,'LEB','2017-10-18 08:06:33',NULL),
	(1590,85,9,'Tesouraria','2017-09-21',NULL,430.5,0,NULL,'LEB','2017-10-18 08:06:33',NULL),
	(1591,194,9,'Tesouraria','2017-09-11',NULL,291,0,NULL,'LEB','2017-10-18 08:06:33',NULL),
	(1592,46,9,'Tesouraria','2017-09-05',NULL,553.5,0,NULL,'LEB','2017-10-18 08:06:33',NULL),
	(1593,152,9,'Tesouraria','2017-09-13',NULL,860,0,NULL,'LEB','2017-10-18 08:06:33',NULL),
	(1594,47,9,'Tesouraria','2017-09-06',NULL,430.5,0,NULL,'LEB','2017-10-18 08:06:33',NULL),
	(1595,124,9,'Tesouraria','2017-09-05',NULL,826,0,NULL,'LEB','2017-10-18 08:06:33',NULL),
	(1596,105,9,'Tesouraria','2017-09-11',NULL,584.25,0,NULL,'LEB','2017-10-18 08:06:33',NULL),
	(1597,87,9,'Tesouraria','2017-09-06',NULL,615,0,NULL,'LEB','2017-10-18 08:06:33',NULL),
	(1598,106,9,'Tesouraria','2017-09-11',NULL,615,0,NULL,'LEB','2017-10-18 08:06:33',NULL),
	(1599,161,9,'Tesouraria','2017-09-05',NULL,860,0,NULL,'LEB','2017-10-18 08:06:33',NULL),
	(1600,125,9,'Tesouraria','2017-09-11',NULL,826,0,NULL,'LEB','2017-10-18 08:06:33',NULL),
	(1601,215,9,'Tesouraria','2017-09-11',NULL,460.75,0,NULL,'LEB','2017-10-18 08:06:33',NULL),
	(1602,153,9,'Tesouraria','2017-09-05',NULL,860,0,NULL,'LEB','2017-10-18 08:06:33',NULL),
	(1603,69,9,'Tesouraria','2017-09-13',NULL,615,0,NULL,'LEB','2017-10-18 08:06:33',NULL),
	(1604,231,9,'Banco','2017-09-20',NULL,615,0,NULL,'LEB','2017-10-18 08:06:33',NULL),
	(1605,107,9,'Tesouraria','2017-09-11',NULL,615,0,NULL,'LEB','2017-10-18 08:06:33',NULL),
	(1606,70,9,'Tesouraria','2017-09-05',NULL,430.5,0,NULL,'LEB','2017-10-18 08:06:33',NULL),
	(1607,173,9,'Tesouraria','2017-09-14',NULL,860,0,NULL,'LEB','2017-10-18 08:06:33',NULL),
	(1608,12,10,'Tesouraria','2017-10-06',NULL,571,0,NULL,'LEB','2017-10-18 08:06:33',NULL),
	(1609,12,10,'Banco','2017-10-10',NULL,571,0,NULL,'LEB','2017-10-18 08:06:33',NULL),
	(1610,217,10,'Tesouraria','2017-10-06',NULL,460.75,0,NULL,'LEB','2017-10-18 08:06:33',NULL),
	(1611,195,10,'Banco','2017-10-05',NULL,485,0,NULL,'LEB','2017-10-18 08:06:33',NULL),
	(1612,1,10,'Banco','2017-10-05',NULL,571,0,NULL,'LEB','2017-10-18 08:06:33',NULL),
	(1613,49,10,'Banco','2017-10-11',NULL,615,0,NULL,'LEB','2017-10-18 08:06:33',NULL),
	(1614,128,10,'Banco','2017-10-10',NULL,860,0,NULL,'LEB','2017-10-18 08:06:33',NULL),
	(1615,154,10,'Banco','2017-10-06',NULL,774,0,NULL,'LEB','2017-10-18 08:06:33',NULL),
	(1616,50,10,'Banco','2017-10-09',NULL,615,0,NULL,'LEB','2017-10-18 08:06:33',NULL),
	(1617,15,10,'Banco','2017-10-10',NULL,399.7,0,NULL,'LEB','2017-10-18 08:06:33',NULL),
	(1618,71,10,'Banco','2017-10-06',NULL,615,0,NULL,'LEB','2017-10-18 08:06:33',NULL),
	(1619,72,10,'Tesouraria','2017-10-06',NULL,430.5,0,NULL,'LEB','2017-10-18 08:06:33',NULL),
	(1620,162,10,'Tesouraria','2017-10-06',NULL,860,0,NULL,'LEB','2017-10-18 08:06:33',NULL),
	(1621,129,10,'Tesouraria','2017-03-27',NULL,860,0,NULL,'LEB','2017-10-18 08:06:33',NULL),
	(1622,52,10,'Tesouraria','2017-10-03',NULL,430.5,0,NULL,'LEB','2017-10-18 08:06:33',NULL),
	(1623,53,10,'Tesouraria','2017-10-06',NULL,123,0,NULL,'LEB','2017-10-18 08:06:33',NULL),
	(1624,184,10,'Banco','2017-10-10',NULL,485,0,NULL,'LEB','2017-10-18 08:06:33',NULL),
	(1625,73,10,'Tesouraria','2017-03-27',NULL,615,0,NULL,'LEB','2017-10-18 08:06:33',NULL),
	(1626,90,10,'Banco','2017-10-09',NULL,615,0,NULL,'LEB','2017-10-18 08:06:33',NULL),
	(1627,18,10,'Tesouraria','2017-10-03',NULL,571,0,NULL,'LEB','2017-10-18 08:06:33',NULL),
	(1628,163,10,'Banco','2017-10-10',NULL,860,0,NULL,'LEB','2017-10-18 08:06:33',NULL),
	(1629,164,10,'Tesouraria','2017-10-06',NULL,172,0,NULL,'LEB','2017-10-18 08:06:33',NULL),
	(1630,110,10,'Banco','2017-10-10',NULL,826,0,NULL,'LEB','2017-10-18 08:06:33',NULL),
	(1631,219,10,'Banco','2017-10-10',NULL,485,0,NULL,'LEB','2017-10-18 08:06:33',NULL),
	(1632,91,10,'Tesouraria','2017-10-06',NULL,615,0,NULL,'LEB','2017-10-18 08:06:33',NULL),
	(1633,220,10,'Banco','2017-10-10',NULL,485,0,NULL,'LEB','2017-10-18 08:06:33',NULL),
	(1634,196,10,'Tesouraria','2017-10-06',NULL,460.75,0,NULL,'LEB','2017-10-18 08:06:33',NULL),
	(1635,111,10,'Banco','2017-10-10',NULL,826,0,NULL,'LEB','2017-10-18 08:06:33',NULL),
	(1636,74,10,'Banco','2017-10-10',NULL,615,0,NULL,'LEB','2017-10-18 08:06:33',NULL),
	(1637,113,10,'Banco','2017-10-09',NULL,826,0,NULL,'LEB','2017-10-18 08:06:33',NULL),
	(1638,197,10,'Tesouraria','2017-10-04',NULL,339.5,0,NULL,'LEB','2017-10-18 08:06:33',NULL),
	(1639,114,10,'Banco','2017-10-10',NULL,826,0,NULL,'LEB','2017-10-18 08:06:33',NULL),
	(1640,133,10,'Tesouraria','2017-10-04',NULL,860,0,NULL,'LEB','2017-10-18 08:06:33',NULL),
	(1641,135,10,'Banco','2017-10-10',NULL,860,0,NULL,'LEB','2017-10-18 08:06:33',NULL),
	(1642,136,10,'Banco','2017-10-10',NULL,860,0,NULL,'LEB','2017-10-18 08:06:33',NULL),
	(1643,56,10,'Banco','2017-10-10',NULL,615,0,NULL,'LEB','2017-10-18 08:06:33',NULL),
	(1644,166,10,'Banco','2017-10-06',NULL,700,0,NULL,'LEB','2017-10-18 08:06:33',NULL),
	(1645,20,10,'Banco','2017-10-10',NULL,571,0,NULL,'LEB','2017-10-18 08:06:33',NULL),
	(1646,22,10,'Banco','2017-10-10',NULL,571,0,NULL,'LEB','2017-10-18 08:06:33',NULL),
	(1647,95,10,'Tesouraria','2017-10-06',NULL,430.5,0,NULL,'LEB','2017-10-18 08:06:33',NULL),
	(1648,28,10,'Tesouraria','2017-02-02',NULL,615,0,NULL,'LEB','2017-10-18 08:06:33',NULL),
	(1649,186,10,'Tesouraria','2017-10-06',NULL,339.5,0,NULL,'LEB','2017-10-18 08:06:33',NULL),
	(1650,232,10,'Tesouraria','2017-10-03',NULL,485,0,NULL,'LEB','2017-10-18 08:06:33',NULL),
	(1651,168,10,'Banco','2017-10-10',NULL,309.6,0,NULL,'LEB','2017-10-18 08:06:33',NULL),
	(1652,140,10,'Banco','2017-10-10',NULL,215,0,NULL,'LEB','2017-10-18 08:06:33',NULL),
	(1653,3,10,'Tesouraria','2017-03-31',NULL,571,0,NULL,'LEB','2017-10-18 08:06:33',NULL),
	(1654,29,10,'Banco','2017-10-10',NULL,430.5,0,NULL,'LEB','2017-10-18 08:06:33',NULL),
	(1655,187,10,'Banco','2017-10-09',NULL,485,0,NULL,'LEB','2017-10-18 08:06:33',NULL),
	(1656,234,10,'Banco','2017-10-10',NULL,242.5,0,NULL,'LEB','2017-10-18 08:06:33',NULL),
	(1657,57,10,'Tesouraria','2017-02-01',NULL,615,0,NULL,'LEB','2017-10-18 08:06:33',NULL),
	(1658,58,10,'Banco','2017-10-10',NULL,615,0,NULL,'LEB','2017-10-18 08:06:33',NULL),
	(1659,188,10,'Banco','2017-10-09',NULL,460.75,0,NULL,'LEB','2017-10-18 08:06:33',NULL),
	(1660,174,10,'Tesouraria','2017-10-04',NULL,339.5,0,NULL,'LEB','2017-10-18 08:06:33',NULL),
	(1661,141,10,'Banco','2017-10-10',NULL,860,0,NULL,'LEB','2017-10-18 08:06:33',NULL),
	(1662,142,10,'Banco','2017-10-10',NULL,860,0,NULL,'LEB','2017-10-18 08:06:33',NULL),
	(1663,30,10,'Banco','2017-10-10',NULL,615,0,NULL,'LEB','2017-10-18 08:06:33',NULL),
	(1664,59,10,'Tesouraria','2017-03-27',NULL,584.25,0,NULL,'LEB','2017-10-18 08:06:33',NULL),
	(1665,222,10,'Banco','2017-10-10',NULL,97,0,NULL,'LEB','2017-10-18 08:06:33',NULL),
	(1666,189,10,'Tesouraria','2017-10-04',NULL,460.75,0,NULL,'LEB','2017-10-18 08:06:33',NULL),
	(1667,116,10,'Tesouraria','2017-10-06',NULL,826,0,NULL,'LEB','2017-10-18 08:06:33',NULL),
	(1668,199,10,'Banco','2017-10-10',NULL,485,0,NULL,'LEB','2017-10-18 08:06:33',NULL),
	(1669,235,10,'Banco','2017-10-10',NULL,615,0,NULL,'LEB','2017-10-18 08:06:33',NULL),
	(1670,176,10,'Banco','2017-10-10',NULL,436.5,0,NULL,'LEB','2017-10-18 08:06:33',NULL),
	(1671,23,10,'Banco','2017-10-10',NULL,114.2,0,NULL,'LEB','2017-10-18 08:06:33',NULL),
	(1672,32,10,'Banco','2017-10-10',NULL,615,0,NULL,'LEB','2017-10-18 08:06:33',NULL),
	(1673,33,10,'Tesouraria','2017-10-09',NULL,307.5,0,NULL,'LEB','2017-10-18 08:06:33',NULL),
	(1674,6,10,'Tesouraria','2017-10-02',NULL,571,0,NULL,'LEB','2017-10-18 08:06:33',NULL),
	(1675,34,10,'Banco','2017-10-10',NULL,615,0,NULL,'LEB','2017-10-18 08:06:33',NULL),
	(1676,35,10,'Banco','2017-10-11',NULL,615,0,NULL,'LEB','2017-10-18 08:06:33',NULL),
	(1677,223,10,'Banco','2017-10-10',NULL,485,0,NULL,'LEB','2017-10-18 08:06:33',NULL),
	(1678,201,10,'Tesouraria','2017-10-02',NULL,445,0,NULL,'LEB','2017-10-18 08:06:33',NULL),
	(1679,202,10,'Banco','2017-10-10',NULL,485,0,NULL,'LEB','2017-10-18 08:06:33',NULL),
	(1680,178,10,'Banco','2017-10-05',NULL,460.75,0,NULL,'LEB','2017-10-18 08:06:33',NULL),
	(1681,96,10,'Banco','2017-10-10',NULL,615,0,NULL,'LEB','2017-10-18 08:06:33',NULL),
	(1682,224,10,'Banco','2017-10-06',NULL,485,0,NULL,'LEB','2017-10-18 08:06:33',NULL),
	(1683,204,10,'Tesouraria','2017-10-03',NULL,339.5,0,NULL,'LEB','2017-10-18 08:06:33',NULL),
	(1684,62,10,'Banco','2017-10-05',NULL,615,0,NULL,'LEB','2017-10-18 08:06:33',NULL),
	(1685,37,10,'Banco','2017-10-06',NULL,615,0,NULL,'LEB','2017-10-18 08:06:33',NULL),
	(1686,38,10,'Banco','2017-10-06',NULL,430.5,0,NULL,'LEB','2017-10-18 08:06:33',NULL),
	(1687,39,10,'Tesouraria','2017-10-06',NULL,430.5,0,NULL,'LEB','2017-10-18 08:06:33',NULL),
	(1688,179,10,'Tesouraria','2017-10-06',NULL,460.75,0,NULL,'LEB','2017-10-18 08:06:33',NULL),
	(1689,145,10,'Banco','2017-10-10',NULL,860,0,NULL,'LEB','2017-10-18 08:06:33',NULL),
	(1690,205,10,'Banco','2017-10-10',NULL,485,0,NULL,'LEB','2017-10-18 08:06:33',NULL),
	(1691,120,10,'Banco','2017-10-09',NULL,826,0,NULL,'LEB','2017-10-18 08:06:33',NULL),
	(1692,206,10,'Banco','2017-10-05',NULL,485,0,NULL,'LEB','2017-10-18 08:06:33',NULL),
	(1693,78,10,'Banco','2017-10-06',NULL,615,0,NULL,'LEB','2017-10-18 08:06:33',NULL),
	(1694,191,10,'Banco','2017-10-05',NULL,485,0,NULL,'LEB','2017-10-18 08:06:33',NULL),
	(1695,65,10,'Banco','2017-10-10',NULL,615,0,NULL,'LEB','2017-10-18 08:06:33',NULL),
	(1696,66,10,'Banco','2017-10-09',NULL,615,0,NULL,'LEB','2017-10-18 08:06:33',NULL),
	(1697,99,10,'Tesouraria','2017-10-06',NULL,615,0,NULL,'LEB','2017-10-18 08:06:33',NULL),
	(1698,159,10,'Banco','2017-10-10',NULL,860,0,NULL,'LEB','2017-10-18 08:06:33',NULL),
	(1699,79,10,'Banco','2017-10-05',NULL,430.5,0,NULL,'LEB','2017-10-18 08:06:33',NULL),
	(1700,80,10,'Banco','2017-10-10',NULL,615,0,NULL,'LEB','2017-10-18 08:06:33',NULL),
	(1701,122,10,'Banco','2017-10-10',NULL,826,0,NULL,'LEB','2017-10-18 08:06:33',NULL),
	(1702,100,10,'Banco','2017-10-06',NULL,615,0,NULL,'LEB','2017-10-18 08:06:33',NULL),
	(1703,24,10,'Banco','2017-10-05',NULL,571,0,NULL,'LEB','2017-10-18 08:06:33',NULL),
	(1704,67,10,'Tesouraria','2017-10-06',NULL,369,0,NULL,'LEB','2017-10-18 08:06:33',NULL),
	(1705,208,10,'Banco','2017-10-10',NULL,485,0,NULL,'LEB','2017-10-18 08:06:33',NULL),
	(1706,42,10,'Banco','2017-10-10',NULL,615,0,NULL,'LEB','2017-10-18 08:06:33',NULL),
	(1707,101,10,'Tesouraria','2017-10-06',NULL,123,0,NULL,'LEB','2017-10-18 08:06:33',NULL),
	(1708,25,10,'Banco','2017-10-10',NULL,571,0,NULL,'LEB','2017-10-18 08:06:33',NULL),
	(1709,228,10,'Tesouraria','2017-10-09',NULL,485,0,NULL,'LEB','2017-10-18 08:06:33',NULL),
	(1710,44,10,'Banco','2017-10-06',NULL,553.5,0,NULL,'LEB','2017-10-18 08:06:33',NULL),
	(1711,192,10,'Tesouraria','2017-10-04',NULL,485,0,NULL,'LEB','2017-10-18 08:06:33',NULL),
	(1712,84,10,'Banco','2017-10-05',NULL,615,0,NULL,'LEB','2017-10-18 08:06:33',NULL),
	(1713,210,10,'Tesouraria','2017-10-04',NULL,339.5,0,NULL,'LEB','2017-10-18 08:06:33',NULL),
	(1714,102,10,'Banco','2017-10-05',NULL,584.25,0,NULL,'LEB','2017-10-18 08:06:33',NULL),
	(1715,103,10,'Banco','2017-10-10',NULL,615,0,NULL,'LEB','2017-10-18 08:06:33',NULL),
	(1716,170,10,'Banco','2017-10-10',NULL,860,0,NULL,'LEB','2017-10-18 08:06:33',NULL),
	(1717,182,10,'Banco','2017-10-06',NULL,485,0,NULL,'LEB','2017-10-18 08:06:33',NULL),
	(1718,211,10,'Tesouraria','2017-10-06',NULL,485,0,NULL,'LEB','2017-10-18 08:06:33',NULL),
	(1719,149,10,'Tesouraria','2017-02-01',NULL,860,0,NULL,'LEB','2017-10-18 08:06:33',NULL),
	(1720,171,10,'Banco','2017-10-10',NULL,860,0,NULL,'LEB','2017-10-18 08:06:33',NULL),
	(1721,26,10,'Tesouraria','2017-10-03',NULL,571,0,NULL,'LEB','2017-10-18 08:06:33',NULL),
	(1722,212,10,'Banco','2017-10-05',NULL,485,0,NULL,'LEB','2017-10-18 08:06:33',NULL),
	(1723,123,10,'Tesouraria','2017-10-09',NULL,165.2,0,NULL,'LEB','2017-10-18 08:06:33',NULL),
	(1724,213,10,'Tesouraria','2017-10-04',NULL,485,0,NULL,'LEB','2017-10-18 08:06:33',NULL),
	(1725,194,10,'Banco','2017-10-10',NULL,291,0,NULL,'LEB','2017-10-18 08:06:33',NULL),
	(1726,46,10,'Banco','2017-10-10',NULL,553.5,0,NULL,'LEB','2017-10-18 08:06:33',NULL),
	(1727,152,10,'Banco','2017-10-11',NULL,860,0,NULL,'LEB','2017-10-18 08:06:33',NULL),
	(1728,47,10,'Tesouraria','2017-10-06',NULL,430.5,0,NULL,'LEB','2017-10-18 08:06:33',NULL),
	(1729,124,10,'Banco','2017-10-10',NULL,826,0,NULL,'LEB','2017-10-18 08:06:33',NULL),
	(1730,105,10,'Banco','2017-10-10',NULL,584.25,0,NULL,'LEB','2017-10-18 08:06:33',NULL),
	(1731,87,10,'Banco','2017-10-10',NULL,615,0,NULL,'LEB','2017-10-18 08:06:33',NULL),
	(1732,106,10,'Banco','2017-10-10',NULL,615,0,NULL,'LEB','2017-10-18 08:06:33',NULL),
	(1733,161,10,'Banco','2017-10-10',NULL,860,0,NULL,'LEB','2017-10-18 08:06:33',NULL),
	(1734,125,10,'Banco','2017-10-10',NULL,826,0,NULL,'LEB','2017-10-18 08:06:33',NULL),
	(1735,48,10,'Banco','2017-10-09',NULL,615,0,NULL,'LEB','2017-10-18 08:06:33',NULL),
	(1736,153,10,'Banco','2017-10-06',NULL,860,0,NULL,'LEB','2017-10-18 08:06:33',NULL),
	(1737,69,10,'Tesouraria','2017-10-02',NULL,615,0,NULL,'LEB','2017-10-18 08:06:33',NULL),
	(1738,107,10,'Tesouraria','2017-10-06',NULL,615,0,NULL,'LEB','2017-10-18 08:06:33',NULL),
	(1739,70,10,'Banco','2017-10-09',NULL,430.5,0,NULL,'LEB','2017-10-18 08:06:33',NULL),
	(1740,173,10,'Banco','2017-10-10',NULL,860,0,NULL,'LEB','2017-10-18 08:06:33',NULL),
	(1741,129,11,'Tesouraria','2017-03-27',NULL,860,0,NULL,'LEB','2017-10-18 08:06:33',NULL),
	(1742,73,11,'Tesouraria','2017-03-27',NULL,615,0,NULL,'LEB','2017-10-18 08:06:33',NULL),
	(1743,28,11,'Tesouraria','2017-02-02',NULL,615,0,NULL,'LEB','2017-10-18 08:06:33',NULL),
	(1744,3,11,'Tesouraria','2017-03-31',NULL,571,0,NULL,'LEB','2017-10-18 08:06:33',NULL),
	(1745,57,11,'Tesouraria','2017-02-01',NULL,615,0,NULL,'LEB','2017-10-18 08:06:33',NULL),
	(1746,59,11,'Tesouraria','2017-03-27',NULL,584.25,0,NULL,'LEB','2017-10-18 08:06:33',NULL),
	(1747,149,11,'Tesouraria','2017-02-01',NULL,860,0,NULL,'LEB','2017-10-18 08:06:33',NULL),
	(1748,129,12,'Tesouraria','2017-03-27',NULL,860,0,NULL,'LEB','2017-10-18 08:06:33',NULL),
	(1749,73,12,'Tesouraria','2017-03-27',NULL,615,0,NULL,'LEB','2017-10-18 08:06:33',NULL),
	(1750,28,12,'Tesouraria','2017-02-02',NULL,615,0,NULL,'LEB','2017-10-18 08:06:33',NULL),
	(1751,3,12,'Tesouraria','2017-03-31',NULL,571,0,NULL,'LEB','2017-10-18 08:06:33',NULL),
	(1752,57,12,'Tesouraria','2017-02-01',NULL,615,0,NULL,'LEB','2017-10-18 08:06:33',NULL),
	(1753,59,12,'Tesouraria','2017-03-27',NULL,584.25,0,NULL,'LEB','2017-10-18 08:06:33',NULL),
	(1754,149,12,'Tesouraria','2017-02-01',NULL,860,0,NULL,'LEB','2017-10-18 08:06:33',NULL),
	(1755,233,8,'Tesouraria','2017-08-03',0,571,0,'','LEB','2017-10-18 08:06:33',1);

/*!40000 ALTER TABLE `payments` ENABLE KEYS */;
UNLOCK TABLES;


# Dump da tabela register
# ------------------------------------------------------------

DROP TABLE IF EXISTS `register`;

CREATE TABLE `register` (
  `id` int(11) unsigned NOT NULL AUTO_INCREMENT,
  `reg_mat_aca` char(10) DEFAULT NULL,
  `reg_name` char(100) DEFAULT NULL,
  `reg_discount` double DEFAULT '0',
  `reg_disc_type` enum('Escola','Irm√£o','Sindicato','Prefeitura') DEFAULT NULL,
  `reg_sex` enum('M','F') DEFAULT NULL,
  `reg_birth_date` char(20) DEFAULT NULL,
  `reg_country` char(30) DEFAULT NULL,
  `reg_tel` char(20) DEFAULT NULL,
  `reg_class` enum('A','B') DEFAULT NULL,
  `reg_grade` int(11) unsigned DEFAULT NULL,
  `reg_shift` char(10) DEFAULT NULL,
  `reg_mat_date` char(20) DEFAULT NULL,
  `reg_cancel_date` char(20) DEFAULT NULL,
  `reg_reason` char(100) DEFAULT NULL,
  `reg_status` enum('A','I') DEFAULT NULL,
  `reg_birth_city` char(100) DEFAULT NULL,
  `reg_street` char(100) DEFAULT NULL,
  `reg_address_nr` char(100) DEFAULT NULL,
  `reg_address_complem` char(100) DEFAULT NULL,
  `reg_neigh` char(100) DEFAULT NULL,
  `reg_city` char(80) DEFAULT NULL,
  `reg_state` char(5) DEFAULT NULL,
  `reg_zipcode` int(11) DEFAULT NULL,
  PRIMARY KEY (`id`),
  KEY `grade_rel` (`reg_grade`)
) ENGINE=InnoDB DEFAULT CHARSET=latin1;

LOCK TABLES `register` WRITE;
/*!40000 ALTER TABLE `register` DISABLE KEYS */;

INSERT INTO `register` (`id`, `reg_mat_aca`, `reg_name`, `reg_discount`, `reg_disc_type`, `reg_sex`, `reg_birth_date`, `reg_country`, `reg_tel`, `reg_class`, `reg_grade`, `reg_shift`, `reg_mat_date`, `reg_cancel_date`, `reg_reason`, `reg_status`, `reg_birth_city`, `reg_street`, `reg_address_nr`, `reg_address_complem`, `reg_neigh`, `reg_city`, `reg_state`, `reg_zipcode`)
VALUES
	(1,'000366','Ana Alice de Alvarenga Xavier',0,NULL,'F','26/07/10','BRASILEIRA(O)','31 -35631426','A',5,'TARDE','16/01/17','00/00/0000','','A','Governador Valadares','Rua Belo Horizonte','360','apt 101','Bela Vista','Itabirito','MG',35450000),
	(2,'000275','Eduardo Henrique Niquini Sena',0,NULL,'M','13/04/11','BRASILEIRA(O)','31 -3563-2072','A',5,'TARDE','16/01/17','00/00/0000','','A','Itabirito','Av. Manoel Salvador de Oliveira','1635','','Bela Vista','Itabirito','MG',35450000),
	(3,'000179','Giovana Pantuzza Leite',0,NULL,'F','15/02/11','BRASILEIRA(O)','31 -3563-2889','A',5,'TARDE','16/01/17','00/00/0000','','A','Belo Horizonte','Rua das Magn√≥lias','264','','Matozinhos','Itabirito','MG',35450000),
	(4,'000180','Gustavo de Andrade Souza Batista',1,'Escola','M','28/11/10','BRASILEIRA(O)','31 -00000000','A',5,'TARDE','01/02/17','00/00/0000','','A','Nova Lima','Rua Ana Maria Teixeira','576','casa 164','Santa Efig√™nia','Itabirito','MG',35450000),
	(5,'000346','Jo√£o Pedro Garcia Olivieira Felicio',0,NULL,'M','21/04/11','BRASILEIRA(O)','31 -00000','A',5,'TARDE','27/01/17','00/00/0000','','A','Belo Horizonte','Claudionor Andr√© Teixeira','59','','Novo Santa Efig√™nia','Itabirito','MG',35450000),
	(6,'000353','Jorge Luiz Campos Cascardo',0,NULL,'M','06/04/11','BRASILEIRA(O)','31 -0000000','A',5,'TARDE','14/12/16','00/00/0000','','A','Tucum√£','Rua Claudionor Andr√© Teixeira','19','casa','Novoo Santa Efig√™nia','Itabirito','MG',35450000),
	(7,'000182','Larissa Matsumura Marques de Oliveira',0,NULL,'F','19/08/10','BRASILEIRA(O)','31 -3563-1658','A',5,'TARDE','30/01/17','00/00/0000','','A','Itabirito','Rua Dometildes de Oliveira','858','C','Agostinho Rodrigues','Itabirito','MG',35450000),
	(8,'000183','Laura Perdig√£o Faria Xavier',0,NULL,'F','22/08/10','BRASILEIRA(O)','31 -3561-2475','A',5,'TARDE','23/01/17','00/00/0000','','A','Nova Lima','Rua Presidente Kenedy','30','','Centro','Itabirito','MG',35450000),
	(9,'000277','Lohane Evelyn Sacramento',0,NULL,'F','17/09/08','BRASILEIRA(O)','31 -3561-2574','A',5,'TARDE','13/12/16','00/00/0000','','A','Belo Horizonte','Rua Turmalina','75','Apto 075','Santa Tereza','Itabirito','MG',35450000),
	(10,'000186','Mariana Teixeira Simielli',0,NULL,'F','20/09/10','BRASILEIRA(O)','31 -3561-5929','A',5,'TARDE','16/01/17','00/00/0000','','A','Nova Lima','Pra√ßa Dr. Guilherme','19','','Centro','Itabirito','MG',35450000),
	(11,'000187','Vit√≥ria dos Santos Rodrigues',0,NULL,'F','27/11/10','BRASILEIRA(O)','31 -3561-2377','A',5,'TARDE','02/02/17','00/00/0000','','A','Itabirito','Alameda Wolmer Abreu Matos','196','A','Monte Sinai','Itabirito','MG',35450000),
	(12,'000165','Alice Almeida Leite',0,NULL,'F','19/11/10','BRASILEIRA(O)','31 -3561-7546','B',5,'TARDE','12/01/17','00/00/0000','','A','Belo Horizonte','Rua E√ßa de Queiroz','121','apto.101','Novo Itabirito','Itabirito','MG',35450000),
	(13,'000327','Aline de F√°tima Rodrigues Vasconcelos',0,NULL,'F','16/04/06','BRASILEIRA(O)','31 -3561-6726','B',5,'TARDE','16/01/17','00/00/0000','','A','Itabirito','Rua Jos√© Eduardo Rodrigues','388','','Novo Itabirito','Itabirito','MG',35450000),
	(14,'000331','Ana Esther de Assis Netto',0,NULL,'F','30/10/10','BRASILEIRA(O)','31 -35613786','B',5,'TARDE','02/02/17','00/00/0000','','A','Belo Horizonte','Can√°rio','47','','Floresta','Itabirito','MG',35450000),
	(15,'000330','Ana Laura Pires de Castro',0,NULL,'F','01/07/10','BRASILEIRA(O)','31 -000000','B',5,'TARDE','06/02/17','00/00/0000','','A','Belo Horizonte','Rua Travessa Dona Cristina','11','','Inconfidentes','Itabirito','MG',35450000),
	(16,'000168','Arthur Leonardo Gomes da Silveira',0,NULL,'M','03/09/10','BRASILEIRA(O)','31 -00000000','B',5,'TARDE','06/01/17','00/00/0000','','A','Itabirito','Rua Padre Randolfo','21','','Saudade','Itabirito','MG',35450000),
	(17,'000170','Arthur Vin√≠cius Reis Coutinho',0,NULL,'M','06/11/10','BRASILEIRA(O)','31 -3561-3625','B',5,'TARDE','31/01/17','00/00/0000','','A','Itabirito','Rua Chile','227','','S√£o Jos√©','Itabirito','MG',35450000),
	(18,'000369','Artur Chen Wu',0,NULL,'M','30/03/11','BRASILEIRA(O)','31 -00000000','B',5,'TARDE','19/01/17','00/00/0000','','A','Cataguases','Rua Tr√™s','49','','Belo Vale','Itabirito','MG',35450000),
	(19,'000172','Bernardo de Andrade Souza Batista',1,'Escola','M','28/11/10','BRASILEIRA(O)','31 -00000000','B',5,'TARDE','01/02/17','00/00/0000','','A','Nova Lima','Rua Ana Maria Teixeira','576','casa 164','Santa Efig√™nia','Itabirito','MG',35450000),
	(20,'000328','Emanuela Barros Muniz',0.05,'Irm√£o','F','06/12/10','BRASILEIRA(O)','31 -3793-3541','B',5,'TARDE','16/01/17','00/00/0000','','A','Nova Lima','CHACARA 8 CS QD 6','8','S√çTIO','VALE DO TROPEIRO','OURO PRETO','MG',35400000),
	(21,'000177','Francisco Ramos de Miranda Lins',0,NULL,'M','01/02/11','BRASILEIRA(O)','31 -3563-4523','B',5,'TARDE','01/02/17','00/00/0000','','A','Belo Horizonte','Rua Domingos Carvalho Mendanha','2','A','Funcion√°rios','Itabirito','MG',35450000),
	(22,'000178','Gabriel de Lima Mendanha',0,NULL,'M','26/11/10','BRASILEIRA(O)','31 -3563-4758','B',5,'TARDE','25/01/17','00/00/0000','','A','Nova Lima','Ladeira S√£o Francisco','159','','Boa Viagem','Itabirito','MG',35450000),
	(23,'000181','Jo√£o Lucas Michel Lopes',0.8,'Sindicato','M','19/12/10','BRASILEIRA(O)','31 -00000000','B',5,'TARDE','20/12/16','00/00/0000','','A','Itabirito','Rua Cl√°udio Joaquim Antunes','42','','Mun√∫','Itabirito','MG',35450000),
	(24,'000276','Maria Clara de Oliveira Paranhos',0,NULL,'F','10/07/10','BRASILEIRA(O)','31 -3561-3041','B',5,'TARDE','16/01/17','00/00/0000','','A','Itabirito','Rua da Carioca','660','','Santa Rita','Itabirito','MG',35450000),
	(25,'000188','Maria Fernanda Braga Farid',0,NULL,'F','06/05/11','BRASILEIRA(O)','31 -00000000','B',5,'TARDE','31/01/17','00/00/0000','','A','Itabirito','Av. dos Inconfidentes','723','','Agostinho Rodrigues','Itabirito','MG',35450000),
	(26,'000361','Rafael Braga Miqueletti',0,NULL,'M','25/03/11','BRASILEIRA(O)','31 -0000000000','B',5,'TARDE','16/01/17','00/00/0000','','A','Belo Horizonte','Rua Olimpia Augusto da Silva','800','ap 204','Bela Vista','Itabirito','MG',35450000),
	(27,'000193','Gabriel Braga Magalh√£es',0,NULL,'M','20/11/09','BRASILEIRA(O)','31 -3563-7158','A',6,'TARDE','16/01/17','00/00/0000','','A','Belo Horizonte','Rua Padre C√¢ndido','304','','Vila Gon√ßalo','Itabirito','MG',35450000),
	(28,'000214','Gabriel Henrique Varela Mendes',0,NULL,'M','29/09/09','BRASILEIRA(O)','31 -00000000','A',6,'TARDE','19/01/16','00/00/0000','','A','Itabirito','Rua Olaria','45','','Centro','Itabirito','MG',35450000),
	(29,'000215','Guilherme Antunes Vareto',0,NULL,'M','27/02/10','BRASILEIRA(O)','31 -00000000','A',6,'TARDE','16/01/17','00/00/0000','','A','Itabirito','Rua Joaquim Rodrigues de Oliveira','43','','S√£o Jos√©','Itabirito','MG',35450000),
	(30,'000280','Heron de Souza Barros',0,NULL,'M','23/02/10','BRASILEIRA(O)','31 -3561-1672','A',6,'TARDE','25/01/17','00/00/0000','','A','Itabirito','Condom√≠nio Recanto da Siriema','35','','Port√µes','Itabirito','MG',35450000),
	(31,'000198','Jo√£o Miguel Lopes Clemente',0,NULL,'M','07/07/09','BRASILEIRA(O)','31 -00000000','A',6,'TARDE','02/02/17','00/00/0000','','A','Nova Lima','Rua Pedro Ribeiro','140','','Cohab','Itabirito','MG',35450000),
	(32,'000218','Jo√£o Oliveira Almeida',0,NULL,'M','25/04/09','BRASILEIRA(O)','31 -3553-5369','A',6,'TARDE','16/01/17','00/00/0000','','A','Belo Horizonte','Alameda do Chafariz','173','Tripu√≠','Amarantina','Ouro Preto','MG',35450000),
	(33,'000220','Jo√£o Vitor Dantas',0.5,'Escola','M','10/06/09','BRASILEIRA(O)','31 -3561-5646','A',6,'TARDE','23/01/17','00/00/0000','','A','Itabirito','Rua Francisco Marques J√∫nior','186','','Nossa Senhora de F√°tima','Itabirito','MG',35450000),
	(34,'000221','J√∫lia Moura Gurgel',0,NULL,'F','25/08/09','BRASILEIRA(O)','31 -3561-8047','A',6,'TARDE','25/01/17','00/00/0000','','A','Belo Horizonte','Rua Caet√©','347','','Monte Sinai','Itabirito','MG',35450000),
	(35,'000230','J√∫lio C√©sar Faria de Mendon√ßa',0,NULL,'M','19/05/08','BRASILEIRA(O)','31 -3561-0989','A',6,'TARDE','19/01/17','00/00/0000','','A','Arapor√£','Rua Quartzito','130','','Santa Tereza','Itabirito','MG',35450000),
	(36,'000200','Lara Mares Crispim',0,NULL,'F','23/03/10','BRASILEIRA(O)','31 -3563-1046','A',6,'TARDE','15/12/16','00/00/0000','','A','Belo Horizonte','Alameda Padre Carlos','985','','Quinta dos Inconfidentes','Itabirito','MG',35450000),
	(37,'000201','Leonardo Andrade Melillo Almeida',0,NULL,'M','18/01/10','BRASILEIRA(O)','31 -3561-7837','A',6,'TARDE','05/01/17','00/00/0000','','A','Itabirito','Rua Ouro Branco','11','','Monte Sinai','Itabirito','MG',35450000),
	(38,'000270','L√≠cia Barreto Siqueira',0,NULL,'F','22/10/09','BRASILEIRA(O)','31 -3563-3630','A',6,'TARDE','20/01/17','00/00/0000','','A','Itabirito','Rua Erina Santa Cruz','123','','Itaubira','Itabirito','MG',35450000),
	(39,'000202','L√≠via Fernanda Ribeiro Pereira',0,NULL,'F','20/04/10','BRASILEIRA(O)','31 -3561-1255','A',6,'TARDE','16/01/17','00/00/0000','','A','Itabirito','Rua Otacir Bas√≠lio Fran√ßa','73','','Tombadouro','Itabirito','MG',35450000),
	(40,'000278','Luana Verdin Ara√∫jo',0.05,'Irm√£o','F','29/12/09','BRASILEIRA(O)','31 -00000000','A',6,'TARDE','03/02/17','00/00/0000','','A','Belo Horizonte','Rua Ant√¥nio Gomes Batista','89','','√Ålvaro Maia','Itabirito','MG',35450000),
	(41,'000279','Lucas Santana Pereira Silva',0.05,'Irm√£o','M','11/06/10','BRASILEIRA(O)','31 -3563-1033','A',6,'TARDE','16/01/17','00/00/0000','','A','Itabirito','Rua Paraj√∫','54','','Monte Verde','Itabirito','MG',35450000),
	(42,'000203','Maria Eduarda Gurgel Horta',0,NULL,'F','27/01/10','BRASILEIRA(O)','31 -3561-2789','A',6,'TARDE','06/12/16','00/00/0000','','A','Belo Horizonte','Rua da Carioca','1118','','Santa Rita','Itabirito','MG',35450000),
	(43,'000205','Maria Fernanda Braga de Assis',0.05,'Irm√£o','F','04/08/09','BRASILEIRA(O)','31 -00000000','A',6,'TARDE','16/01/17','00/00/0000','','A','Belo Horizonte','Rua Juscelino Kubitschek','20','Apto 03','Lourdes','Itabirito','MG',35450000),
	(44,'000227','Maria Rita Ferreira de Assis',0.1,'Irm√£o','F','01/11/09','BRASILEIRA(O)','31 -3563-1599','A',6,'TARDE','17/01/17','00/00/0000','','A','Belo Horizonte','Av. Queir√≥z J√∫nior','610','','Centro','Itabirito','MG',35450000),
	(45,'000228','Matheus Augusto Pedrosa Martins',0,NULL,'M','02/04/09','BRASILEIRA(O)','31 -00000000','A',6,'TARDE','16/01/17','00/00/0000','','A','Nova Lima','Rua Francisco Jos√© de Carvalho','1375','','S√£o Jos√©','Itabirito','MG',35450000),
	(46,'000208','Raul Braga Marques',0.1,'Irm√£o','M','03/10/09','BRASILEIRA(O)','31 -3561-5157','A',6,'TARDE','14/12/16','00/00/0000','','A','Belo Horizonte','Rua Jo√£o XXIII','25','','Santo Ant√¥nio','Itabirito','MG',35450000),
	(47,'000229','R√∫bia Lu√≠sa Pereira Hon√≥rio',0,NULL,'F','21/08/09','BRASILEIRA(O)','31 -3561-5183','A',6,'TARDE','16/01/17','00/00/0000','','A','Itabirito','Rua Maria Augusta Braga','111','','√Ålvaro','Itabirito','MG',35450000),
	(48,'000319','Thiago Henrique Santana de Castro',0,NULL,'M','21/09/09','BRASILEIRA(O)','31 -3561-7849','A',6,'TARDE','16/01/17','00/00/0000','','A','Belo Horizonte','Rua Mariana','41','casa','Monte Sinai','Itabirito','MG',35450000),
	(49,'000217','Ana Clara Gouveia Ara√∫jo Moreira',0,NULL,'F','28/03/09','BRASILEIRA(O)','31 -3561-5223','A',7,'TARDE','18/01/17','00/00/0000','','A','Belo Horizonte','Rua Ricardina Rodrigues','494','apto. 202','Novo Itabirito','Itabirito','MG',35450000),
	(50,'000219','Ana Fl√°via Rodrigues Barros',0,NULL,'F','10/10/08','BRASILEIRA(O)','31 -3561-1126','A',7,'TARDE','16/01/17','00/00/0000','','A','Belo Horizonte','Rua Afonso Gon√ßalves Goes','77','','Santa Rita','Itabirito','MG',35450000),
	(51,'000224','Ana J√∫lia Padua Fernandes',0,NULL,'F','25/05/09','BRASILEIRA(O)','31/jan','A',7,'TARDE','09/02/17','00/00/0000','','A','Belo Horizonte','Rua Nicolau Silva','305','','Saudade','Itabirito','MG',35450000),
	(52,'000226','Anna Clara Rodrigues Lima',0,NULL,'F','02/07/08','BRASILEIRA(O)','31/jan','A',7,'TARDE','25/01/17','00/00/0000','','A','Itabirito','Rua Em√≠dio Quites','21','','Praia','Itabirito','MG',35450000),
	(53,'000242','Ant√¥nia Braga Jord√£o Pignataro',0.8,'Sindicato','F','26/02/09','BRASILEIRA(O)','31 -000000000','A',7,'TARDE','02/02/17','00/00/0000','','A','Itabirito','Rua Beijamim Dias','9','','Santo Ant√¥nio','Itabirito','MG',35450000),
	(54,'000243','Arthur C√©zar Faria Assis',0,NULL,'M','26/12/08','BRASILEIRA(O)','31 -3561-2766','A',7,'TARDE','06/02/17','00/00/0000','','A','Itabirito','Rua Ant√¥nio de Oliveira e Silva','8','','Jo√£o Carolino','Itabirito','MG',35450000),
	(55,'000231','Arthur Soares Viana',0,NULL,'M','07/08/08','BRASILEIRA(O)','31 -3563-2415','A',7,'TARDE','02/12/16','00/00/0000','','A','Belo Horizonte','Rua Dona Cota','48','','Bela Vista','Itabirito','MG',35450000),
	(56,'000379','Eduardo Maciel Pessanha',0,NULL,'M','01/12/08','BRASILEIRA(O)','021-00000','A',7,'TARDE','06/02/17','00/00/0000','','A','Belo Horizonte','Rua Alberto Gesparcher','472','','Bela Vista','Itabirito','MG',35450000),
	(57,'000249','Heitor Ribeiro Woods Pedrosa',0,NULL,'M','05/05/08','BRASILEIRA(O)','31 -3563-3713','A',7,'TARDE','16/01/17','00/00/0000','','A','Nova Lima','Rua Jos√© Sans','298','','Boa Viagem','Itabirito','MG',35450000),
	(58,'000233','Helena de Melo Coutinho',0,NULL,'F','21/09/08','BRASILEIRA(O)','31 -00000000','A',7,'TARDE','05/01/17','00/00/0000','','A','Belo Horizonte','Ch√°cara Melo e Coutinho - Condom√≠nio San','','','Port√µes','Itabirito','MG',35450000),
	(59,'000283','Iona Liel Collington Santos',0.05,'Irm√£o','F','08/01/09','BRASILEIRA(O)','31 -00000000','A',7,'TARDE','16/01/17','00/00/0000','','A','Belo Horizonte','Fazenda Novo Destino, MG 30, KM 76','','','Regi√£o da Mata','Itabirito','MG',35450000),
	(60,'000234','Jo√£o Guilherme Ramos de Miranda Lins',0,NULL,'M','02/09/08','BRASILEIRA(O)','31 -3563-4523','A',7,'TARDE','01/02/17','00/00/0000','','A','Belo Horizonte','Rua Domingos Carvalho Mendanha','2','A','Funcion√°rios','Itabirito','MG',35450000),
	(61,'000250','Jo√£o Pedro Peixoto Carvalho',0.05,'Irm√£o','M','07/08/08','BRASILEIRA(O)','31 -3561-1163','A',7,'TARDE','01/02/17','00/00/0000','','A','Nova Lima','Rua Jasmin','354','','Matozinhos','Itabirito','MG',35450000),
	(62,'000235','Lav√≠nia Nascimento Chamone',0,NULL,'F','17/12/08','BRASILEIRA(O)','31 -3563-3036','A',7,'TARDE','16/01/17','00/00/0000','','A','Belo Horizonte','Rua Castro Alves','316','','Novo Itabirito','Itabirito','MG',35450000),
	(63,'000251','L√≠via Hegemann Francisco Portella',0,NULL,'F','07/02/09','BRASILEIRA(O)','31 -3561-3724','A',7,'TARDE','18/01/17','00/00/0000','','A','Belo Horizonte','Av. dos Inconfidentes','570','','Novo Santa Efig√™nia','Itabirito','MG',35450000),
	(64,'000252','Lucca Mares Crispim',0,NULL,'M','27/11/08','BRASILEIRA(O)','31 -3563-1046','A',7,'TARDE','15/12/16','00/00/0000','','A','Belo Horizonte','Alameda Padre Carlos','985','','Quinta dos Inconfidentes','Itabirito','MG',35450000),
	(65,'000253','Luiz Guilherme Esteves Ferreira Gomes',0,NULL,'M','15/01/09','BRASILEIRA(O)','31 -3563-3551','A',7,'TARDE','23/01/17','00/00/0000','','A','Belo Horizonte','Rua Santa B√°rbara','101','Apto 203','Monte Sinai','Itabirito','MG',35450000),
	(66,'000261','Luiza Vaz Bretas',0,NULL,'F','10/12/08','BRASILEIRA(O)','31 -00000000','A',7,'TARDE','16/01/17','00/00/0000','','A','Belo Horizonte','Rua Orqu√≠dia','43','','Gutierrez','Itabirito','MG',35450000),
	(67,'000238','Maria Clara Pereira de Lima',0.4,'Sindicato','F','15/03/09','BRASILEIRA(O)','31 -3561-3644','A',7,'TARDE','01/02/17','00/00/0000','','A','Nova Era','Rua Dr. Itiber√™ Guimar√£es Silva','110','','Santa Rita','Itabirito','MG',35450000),
	(68,'000322','Maria Eduarda Malheiros Ramos da Silva',0,NULL,'F','09/04/08','BRASILEIRA(O)','31 -3561-1476','A',7,'TARDE','07/02/17','00/00/0000','','A','Itabirito','Doutor Guilherme','212','Centro','Centro','Itabirito','MG',35450000),
	(69,'000260','Vin√≠cius Andrade Silva',0,NULL,'M','16/04/09','BRASILEIRA(O)','31 -00000000','A',7,'TARDE','16/01/17','00/00/0000','','A','Belo Horizonte','Rua Bela Vista','184','','Amarantina','Ouro Preto','MG',35450000),
	(70,'000294','Vitor Lu√≠s Vasconcelos Hon√≥rio',0,NULL,'M','11/05/08','BRASILEIRA(O)','31 -3561-0251','A',7,'TARDE','16/01/17','00/00/0000','','A','Itabirito','Rua Ant√¥nio Gomes Batista','41','','√Ålvaro Maia','Itabirito','MG',35450000),
	(71,'000017','Ana Luiza Fernandes Baeta',0,NULL,'F','03/07/07','BRASILEIRA(O)','31 -3561-2218','A',8,'TARDE','18/01/17','00/00/0000','','A','Nova Lima','Rua Padre Jo√£o do Amaral','188','','Vila Gon√ßalo','Itabirito','MG',35450000),
	(72,'000002','Ana Lu√≠za Rosendo Cruz',0,NULL,'F','07/11/07','BRASILEIRA(O)','31 -3561-0403','A',8,'TARDE','01/02/17','00/00/0000','','A','Itabirito','Rua Santos Dumont','53','','Funcion√°rios','Itabirito','MG',35450000),
	(73,'000013','Arran Mark Santos Pinto',0,NULL,'M','11/02/07','BRASILEIRA(O)','31 -7356-7773','A',8,'TARDE','16/01/17','00/00/0000','','A','Belo Horizonte','Fazenda Novo Destino, MG 30, KM 76','','','Regi√£o da Mata','Itabirito','MG',35450000),
	(74,'000008','Caio Machado Corr√™a',0,NULL,'M','11/05/07','BRASILEIRA(O)','31 -3561-1438','A',8,'TARDE','16/01/17','00/00/0000','','A','Itabirito','Rua Cristal','45','E','Santa Tereza','Itabirito','MG',35450000),
	(75,'000021','Guilherme de Brito e Silva Santana',0,NULL,'M','06/10/07','BRASILEIRA(O)','31 -3561-7307','A',8,'TARDE','16/01/17','00/00/0000','','A','Belo Horizonte','Mario Rodrigues Gouveia','268','','Novo Santa Efig√™nia','Itabirito','MG',35450000),
	(76,'000333','Guilherme Henrique Antunes',0,NULL,'M','16/05/07','BRASILEIRA(O)','31 -35611152','A',8,'TARDE','20/01/17','00/00/0000','','A','Itabirito','Benjamim Sim√µes','530','','Agostinho Rodrigues','Itabirito','MG',35450000),
	(77,'000003','Let√≠cia Maria Ara√∫jo Senem',0.05,'Irm√£o','F','21/06/07','BRASILEIRA(O)','31 -3561-7771','A',8,'TARDE','31/01/17','00/00/0000','','A','Itabirito','Rua Anita de Carvalho Sans','40','Apto 301','Centro','Itabirito','MG',35450000),
	(78,'000015','Lucas Nascimento Sim√µes Gurgel',0,NULL,'M','31/07/07','BRASILEIRA(O)','31 -3561-6113','A',8,'TARDE','16/01/17','00/00/0000','','A','Belo Horizonte','Rua Magn√≥lia','240','','Matosinhos','Itabirito','MG',35450000),
	(79,'000272','Maria Beatriz Santana Vaz',0,NULL,'F','06/06/07','BRASILEIRA(O)','31 -3563-3106','A',8,'TARDE','19/01/17','00/00/0000','','A','Itabirito','Rua Castro Alves','644','','Novo Itabirito','Itabirito','MG',35450000),
	(80,'000325','Maria Clara Almeida Reis',0,NULL,'F','22/04/08','BRASILEIRA(O)','31 -35531032','A',8,'TARDE','16/01/17','00/00/0000','','A','Ouro Preto','Alameda dos Inconfidentes','810','Condom√≠nio','Paragem do Tripu√≠','Itabirito','MG',35412000),
	(81,'000292','Maria Eduarda de P√°dua Lopes',0.1187,'Irm√£o','F','13/10/07','BRASILEIRA(O)','31 -3561-3630','A',8,'TARDE','06/02/17','00/00/0000','','A','Belo Horizonte','Rua Castro Alves','601','','Novo Itabirito','Itabirito','MG',35450000),
	(82,'000281','Maria Eduarda Fernandes Gomes',0,NULL,'F','27/01/07','BRASILEIRA(O)','31 -00000000','A',8,'TARDE','16/01/17','00/00/0000','','A','Itabirito','Rua S√£o Vicente','553','','Bela Vista','Itabirito','MG',35450000),
	(83,'000031','Maria Fernanda Fernandes Machado',0,NULL,'F','26/08/07','BRASILEIRA(O)','031-00000','A',8,'TARDE','01/02/17','00/00/0000','','A','Belo Horizonte','Rua Belo Horizonte','206','','Centro','Itabirito','MG',35450000),
	(84,'000018','Mateus Braga Brangioni',0,NULL,'M','13/09/07','BRASILEIRA(O)','31 -3561-5050','A',8,'TARDE','16/01/17','00/00/0000','','A','Belo Horizonte','Rua Denir Ant√¥nio Prado','97','','Novo Santa Efig√™nia','Itabirito','MG',35450000),
	(85,'000028','Rafaella Esther N√©zio Braga',0,NULL,'F','06/01/08','BRASILEIRA(O)','31 -8960-4386','A',8,'TARDE','16/01/17','00/00/0000','','A','Belo Horizonte','Rua L√≠rio','24','','Matozinhos','Itabirito','MG',35450000),
	(86,'000340','Sarah Lucia Vespasiano Correia',0,NULL,'F','07/02/08','BRASILEIRA(O)','31 -000','A',8,'TARDE','06/02/17','00/00/0000','','A','Belo Horizonte','Ad√£o On√≥rio','225','casa','Padre Eust√°quio','Itabirito','MG',35450000),
	(87,'000321','Sofia Barros Muniz',0,NULL,'F','23/03/08','BRASILEIRA(O)','31 -3793-3541','A',8,'TARDE','16/01/17','00/00/0000','','A','NOVA LIMA','CHACARA 8 CS QD 6','8','S√çTIO','VALE DO TROPEIRO','OURO PRETO','MG',35400000),
	(88,'000288','Yara Santana Leite',0,NULL,'F','31/05/08','BRASILEIRA(O)','31 -3561-0882','A',8,'TARDE','13/12/16','00/00/0000','','A','Belo Horizonte','Rua Jaime Manoel Peneda','34','','Mun√∫','Itabirito','MG',35450000),
	(89,'000033','Alexandra Ferreira Gomes Santana',0.1,'Irm√£o','F','15/09/06','BRASILEIRA(O)','031-3563-4256','A',9,'TARDE','07/02/17','00/00/0000','','A','Itabirito','Rua Jos√© de Souza','420','','Jo√£o Carolino','Itabirito','MG',35450000),
	(90,'000051','Arthur Rafael Santana',0,NULL,'M','30/08/05','BRASILEIRA(O)','31 -00000000','A',9,'TARDE','08/02/17','00/00/0000','','A','Belo Horizonte','Rua Jos√© Gabriel da Silva','23','','Bela Vista','Itabirito','MG',35450000),
	(91,'000042','Bernardo Cabral Souza',0,NULL,'M','04/01/07','BRASILEIRA(O)','31 -3561-7360','A',9,'TARDE','16/01/17','00/00/0000','','A','Itabirito','Rua Em√≠dio Quites','262','','Praia','Itabirito','MG',35450000),
	(92,'000259','Davi Santana Pereira Silva',0,NULL,'M','18/05/06','BRASILEIRA(O)','31 -3563-1033','A',9,'TARDE','16/01/17','00/00/0000','','A','Itabirito','Rua Paraj√∫','54','','Monte Verde','Itabirito','MG',35450000),
	(93,'000044','Davi Verdin Ara√∫jo',0,NULL,'M','09/11/06','BRASILEIRA(O)','31 -00000000','A',9,'TARDE','03/02/17','00/00/0000','','A','Belo Horizonte','Rua Ant√¥nio Gomes Batista','89','','√Ålvaro Maia','Itabirito','MG',35450000),
	(94,'000048','Eduardo Peixoto Woods Carvalho',0,NULL,'M','29/05/06','BRASILEIRA(O)','31 -3561-1163','A',9,'TARDE','01/02/17','00/00/0000','','A','Itabirito','Rua Jasmin','354','','Matozinhos','Itabirito','MG',35450000),
	(95,'000284','Gabriel Henrique Lopes Bas√≠lio',0,NULL,'M','06/10/06','BRASILEIRA(O)','31 -00000000','A',9,'TARDE','24/01/17','00/00/0000','','A','Patos de Minas','Rua dos Coqueiros','182','','Meu S√≠tio','Itabirito','MG',35450000),
	(96,'000049','Laura Fernanda Ribeiro Gon√ßalves',0,NULL,'F','03/11/06','BRASILEIRA(O)','31 -00000000','A',9,'TARDE','16/01/17','00/00/0000','','A','Itabirito','Rua Ana Maria Teixeira','617','casa 28','Santa Efig√™nia','Itabirito','MG',35450000),
	(97,'000037','Luana Cristina Barbosa Avellar',0,NULL,'F','15/07/06','BRASILEIRA(O)','31 -3563-3696','A',9,'TARDE','16/01/17','00/00/0000','','A','Itabirito','Rua Maestro Jo√£o Rosa','73','','Saudade','Itabirito','MG',35450000),
	(98,'000067','Lys Mares Crispim',0,NULL,'F','03/01/07','BRASILEIRA(O)','31 -3563-1046','A',9,'TARDE','15/12/16','00/00/0000','','A','Belo Horizonte','Alameda Padre Carlos','985','','Quinta dos Inconfidentes','Itabirito','MG',35450000),
	(99,'000029','Marcela Sim√µes Henriques',0,NULL,'F','04/08/06','BRASILEIRA(O)','31 -8713-2032','A',9,'TARDE','16/01/17','00/00/0000','','A','Itabirito','Rua Jos√© de Alencar','88','','Capanema','Itabirito','MG',35450000),
	(100,'000040','Maria Clara Carneiro Silva',0,NULL,'F','28/02/07','BRASILEIRA(O)','31 -00000000','A',9,'TARDE','16/01/17','00/00/0000','','A','Belo Horizonte','Rua B√°rbara Heliodora','155','','Novo Itabirito','Itabirito','MG',35450000),
	(101,'000046','Maria Eduarda Varela de Oliveira Lima',0.8,'Sindicato','F','28/06/06','BRASILEIRA(O)','31 -3561-3695','A',9,'TARDE','16/01/17','00/00/0000','','A','Itabirito','Rua Sempre Viva','27','','Matozinhos','Itabirito','MG',35450000),
	(102,'000317','Miguel Canuto Faria',0.05,'Irm√£o','M','20/10/06','BRASILEIRA(O)','31 -3563-2719','A',9,'TARDE','16/01/17','00/00/0000','','A','Itabirito','Rua Benjamim Idelfonso da Silva','268','casa','Serra Azul','Itabirito','MG',35450000),
	(103,'000068','Miguel Melillo Barros',0,NULL,'M','05/01/07','BRASILEIRA(O)','31 -3561-4152','A',9,'TARDE','16/01/17','00/00/0000','','A','Nova Lima','Rua Turmalina','141','','Santa Tereza','Itabirito','MG',35450000),
	(104,'000061','Ol√≠via Ramos Mesquita',0.05,'Escola','F','06/11/06','BRASILEIRA(O)','31 -3563-2192','A',9,'TARDE','02/02/17','00/00/0000','','A','Itabirito','Rua In√°cio Gomes de Oliveira','73A','','Vila Jos√© Lopes','Itabirito','MG',35450000),
	(105,'000058','Sarah Marques Torres',0.05,'Irm√£o','F','30/03/07','BRASILEIRA(O)','31 -00000000','A',9,'TARDE','16/01/17','00/00/0000','','A','Belo Horizonte','Rua Guiomar Novaes','320','Apto 202','Novo Itabirito','Itabirito','MG',35450000),
	(106,'000045','Sofia Delabrida Nascimento',0,NULL,'F','14/07/06','BRASILEIRA(O)','31 -3561-2466','A',9,'TARDE','10/01/17','00/00/0000','','A','Belo Horizonte','Rua Francisco Zacarias','587','Apto 202','Santa Efig√™nia','Itabirito','MG',35450000),
	(107,'000155','Vitor Goulart Santos',0,NULL,'M','14/12/06','BRASILEIRA(O)','31 -3561-0047','A',9,'TARDE','20/01/17','00/00/0000','','A','Divin√≥polis','Av. Manoel Salvador de Oliveira','1925','Apto 101','Bela Vista','Itabirito','MG',35450000),
	(108,'000098','Artur Braga Guimar√£es Pereira',0.8,'Sindicato','M','10/09/05','BRASILEIRA(O)','31 -00000000','A',10,'MANH√É','27/01/17','00/00/0000','','A','Nova Lima','Rua da Carioca','1498','','Santa Rita','Itabirito','MG',35450000),
	(109,'000072','Beatriz Eduarda Gouveia Santos',0,NULL,'F','21/12/05','BRASILEIRA(O)','31 -3561-6613','A',10,'MANH√É','30/01/17','00/00/0000','','A','Belo Horizonte','Rua Francisco Del Rey','73','','Inconfidentes','Itabirito','MG',35450000),
	(110,'000306','Beatriz Petrillo Sampaio Rodrigues',0,NULL,'F','20/02/06','BRASILEIRA(O)','31 -3563-2877','A',10,'MANH√É','16/01/17','00/00/0000','','A','Itabirito','Rua Lob√©lia','331','casa','Gutierrez','Itabirito','MG',35450000),
	(111,'000075','Bruno Moura Gurgel',0,NULL,'M','23/03/06','BRASILEIRA(O)','31 -3561-8047','A',10,'MANH√É','25/01/17','00/00/0000','','A','Nova Lima','Rua Caet√©','347','','Monte Sinai','Itabirito','MG',35450000),
	(112,'000077','Camila Nascimento Faria',0,NULL,'F','05/02/06','BRASILEIRA(O)','31 -3561-3117','A',10,'MANH√É','03/02/17','00/00/0000','','A','Belo Horizonte','Rua Malacacheta','117','','Santa tereza','Itabirito','MG',35450000),
	(113,'000100','Camila Oliveira de Souza',0,NULL,'F','14/02/06','BRASILEIRA(O)','31 -00000000','A',10,'MANH√É','16/01/17','00/00/0000','','A','Itabirito','Rua Raimunda Lemos Ba√™ta','311','Apto. 201','Dona Luizinha','Itabirito','MG',35450000),
	(114,'000081','Carolina Kaiser Maia dos Santos',0,NULL,'F','25/10/04','BRASILEIRA(O)','31 -3561-3456','A',10,'MANH√É','16/01/17','00/00/0000','','A','Belo Horizonte','Rua Belo Vale','16','','Matozinhos','Itabirito','MG',35450000),
	(115,'000088','Eduarda Sim√µes Antunes Maia Melilo',0.8,'Sindicato','F','26/09/05','BRASILEIRA(O)','31 -3561-7781','A',10,'MANH√É','01/02/17','00/00/0000','','A','Itabirito','Rua Ant√¥nia Augusta de Andrade','1','','√Ålvaro Maia','Itabirito','MG',35450000),
	(116,'000101','Isabella Carolina Gurgel Louren√ßo',0,NULL,'F','09/01/06','BRASILEIRA(O)','31 -3561-6783','A',10,'MANH√É','16/01/17','00/00/0000','','A','Itabirito','Rua Doutor Alberto Soares','170','','Saudade','Itabirito','MG',35450000),
	(117,'000099','Isadora Obadovski Freitas Sousa',0,NULL,'F','10/10/05','BRASILEIRA(O)','31 -3561-6035','A',10,'MANH√É','03/02/17','00/00/0000','','A','Belo Horizonte','Rua Professor Diaulas','150','','Saudade','Itabirito','MG',35450000),
	(118,'000129','Juan V√≠ctor Guimar√£es Vidal',0,NULL,'M','27/12/02','BRASILEIRA(O)','31 -3563-2427','A',10,'MANH√É','03/02/17','00/00/0000','','A','Coronel Fabriciano','Rua Dom Luciano Almeida','40','','Santa Efig√™nia','Itabirito','MG',35450000),
	(119,'000085','Laura Ribeiro Martinez',0,NULL,'F','13/07/05','BRASILEIRA(O)','31 -3561-7820','A',10,'MANH√É','16/01/17','00/00/0000','','A','Itabirito','Rua Jos√© Carlos Mendanha','46','Apto 302','Bela Vista','Itabirito','MG',35450000),
	(120,'000076','Lucas da Silva Prazeres',0,NULL,'M','05/07/05','BRASILEIRA(O)','31 -00000000','A',10,'MANH√É','16/01/17','00/00/0000','','A','Belo Horizonte','Rua Palmas','60','','Matozinhos','Itabirito','MG',35450000),
	(121,'000073','Luiz Artid√≥rio Ara√∫jo Senem',0,NULL,'M','03/11/05','BRASILEIRA(O)','31 -3561-7771','A',10,'MANH√É','31/01/17','00/00/0000','','A','Itabirito','Rua Anita de Carvalho Sans','40','Apto 301','Centro','Itabirito','MG',35450000),
	(122,'000316','Maria Clara Brito de Oliveira',0,NULL,'F','01/10/05','BRASILEIRA(O)','31 -3561-7021','A',10,'MANH√É','16/01/17','00/00/0000','','A','Itabirito','Rua Alberto Gesparcher','56','casa','Bela Vista','Itabirito','MG',35450000),
	(123,'000071','Rafaela Braga Pereira',0.8,'Sindicato','F','13/07/05','BRASILEIRA(O)','31 -3561-5646','A',10,'MANH√É','23/01/17','00/00/0000','','A','Itabirito','Rua Francisco Marques J√∫nior','186','','Nossa Senhora de F√°tima','Itabirito','MG',35450000),
	(124,'000074','Samuel Braga Marques',0,NULL,'M','21/04/06','BRASILEIRA(O)','31 -3561-5157','A',10,'MANH√É','14/12/16','00/00/0000','','A','Belo Horizonte','Rua Jo√£o XXIII','25','','Santo Ant√¥nio','Itabirito','MG',35450000),
	(125,'000084','Tha√≠s Braga Correia',0,NULL,'F','15/05/05','BRASILEIRA(O)','31 -3561-2740','A',10,'MANH√É','16/01/17','00/00/0000','','A','Nova Lima','Rua Papoulas','46','','Gutierrez','Itabirito','MG',35450000),
	(126,'000375','Agnes Batista de S√° Meneghin',0,NULL,'F','13/09/04','BRASILEIRA(O)','31 -3561-6940','A',11,'MANH√É','02/02/17','00/00/0000','','A','Nova Lima','Rua Leocadia Oliveira','103','','Bela Vista','Itabirito','MG',35450000),
	(127,'000345','Ana Clara Alves de Castro',0,NULL,'F','10/09/03','BRASILEIRA(O)','31 -3563-1278','A',11,'MANH√É','17/02/17','00/00/0000','','A','Itabirito','Estrada dos Coqueiros','188','','Meu S√≠tio','Itabirito','MG',35450000),
	(128,'000363','Ana Clara Oliveira Gol√ßalves de Almeida',0,NULL,'F','02/07/04','BRASILEIRA(O)','31 -35612656','A',11,'MANH√É','16/01/17','00/00/0000','','A','Nova Lima','Rua Doutor Guilherme','237','','Centro','Itabirito','MG',35450000),
	(129,'000106','Angus Joe Santos Pinto',0,NULL,'M','12/04/05','BRASILEIRA(O)','31 -00000000','A',11,'MANH√É','16/01/17','00/00/0000','','A','Belo Horizonte','Fazenda Novo Destino, MG 30, KM 76','','','Regi√£o da Mata','Itabirito','MG',35450000),
	(130,'000108','Beatriz Ferreira Gomes Santana',0,NULL,'F','05/11/04','BRASILEIRA(O)','031-3563-4256','A',11,'MANH√É','07/02/17','00/00/0000','','A','Itabirito','Rua Jos√© de Souza','420','','Jo√£o Carolino','Itabirito','MG',35450000),
	(131,'000126','Bernardo Oliveira Lima Mendanha',0.8,'Sindicato','M','23/05/05','BRASILEIRA(O)','31 -3563-4763','A',11,'MANH√É','16/01/17','00/00/0000','','A','Ouro Preto','Rua Calafate','253','','Floresta','Itabirito','MG',35450000),
	(132,'000112','Bianca Lara Vieira Reis',0,NULL,'F','06/01/05','BRASILEIRA(O)','31 -3563-1606','A',11,'MANH√É','16/01/17','00/00/0000','','A','Nova Lima','Rua Sete Lagoas','251','','Monte Sinai','Itabirito','MG',35450000),
	(133,'000362','Clara Andrade Viegas',0,NULL,'F','24/09/04','BRASILEIRA(O)','31 -35611335','A',11,'MANH√É','16/01/17','00/00/0000','','A','Belo Horizonte','Rua Jasmim','102','casa','Matozinhos','Itabirito','MG',35450000),
	(134,'000116','Cristiam de Castro Sanches',0,NULL,'M','20/06/05','BRASILEIRA(O)','31 -3561-5769','A',11,'MANH√É','15/02/17','00/00/0000','','A','Itabirito','Rua Tombadouro','501','','Padre Adelmo','Itabirito','MG',35450000),
	(135,'000285','Eduarda Vit√≥ria de C√°ssia Souza',0,NULL,'F','06/01/04','BRASILEIRA(O)','31 -3561-6585','A',11,'MANH√É','01/02/17','00/00/0000','','A','Nova Lima','Rua Tapaj√≥s','28','','Mun√∫','Itabirito','MG',35450000),
	(136,'000118','Eduardo Henrique Moreira dos Santos',0,NULL,'M','16/03/05','BRASILEIRA(O)','31 -3561-0756','A',11,'MANH√É','16/01/17','00/00/0000','','A','Belo Horizonte','Rua Carij√≥s','68','','Pedra Azul','Itabirito','MG',35450000),
	(137,'000121','Fl√°vio Henrique Braga de Assis',0,NULL,'M','08/09/04','BRASILEIRA(O)','31 -00000000','A',11,'MANH√É','16/01/17','00/00/0000','','A','Belo Horizonte','Rua Caet√©','404','','Dona Luizinha','Itabirito','MG',35450000),
	(138,'000342','Gabriel Eduardo de Morais Braga',0.3023,'Escola','M','28/08/02','BRASILEIRA(O)','31 -0000','A',11,'MANH√É','23/01/17','00/00/0000','','A','Itabirito','Rua Lobelia','380','','Gutierrez','Itabirito','MG',35450000),
	(139,'000378','Gabriela Silvino Cordeiro',0,NULL,'F','07/03/05','BRASILEIRA(O)','31 -3561-2124','A',11,'MANH√É','03/02/17','00/00/0000','','A','Belo Horizonte','Rua Rodrigues Silva','126','','Saudade','Itabirito','MG',35450000),
	(140,'000122','Giovana de Faria Rodrigues',0.75,'Escola','F','14/11/04','BRASILEIRA(O)','31 -3561-1016','A',11,'MANH√É','03/02/17','00/00/0000','','A','Itabirito','Av. Queir√≥z J√∫nior','140','','Centro','Itabirito','MG',35450000),
	(141,'000370','Henrique Michel Pedrosa',0,NULL,'M','06/05/04','BRASILEIRA(O)','31 -0000','A',11,'MANH√É','25/01/17','00/00/0000','','A','Nova Lima','Rua Pedra Sab√£o','50','','Jardins','Cachoeira do Campo','MG',35410000),
	(142,'000305','Henry Sven Ribeiro da Costa',0,NULL,'M','20/12/04','BRASILEIRA(O)','31 -99901-1970','A',11,'MANH√É','15/12/16','00/00/0000','','A','Belo Horizonte','Alameda Contos','535','Paragem Tr','Amarantina','Ouro Preto','MG',35400000),
	(143,'000117','Jo√£o Victor Jaja Matsumura Gurgel',0,NULL,'M','25/12/04','BRASILEIRA(O)','31 -3563-1658','A',11,'MANH√É','30/01/17','00/00/0000','','A','Itabirito','Rua Dometildes de Oliveira','858','C','Agostinho Rodrigues','Itabirito','MG',35450000),
	(144,'000119','J√∫lia Maria Silva Siqueira',0.05,'Sindicato','F','06/07/02','BRASILEIRA(O)','31 -3563-1652','A',11,'MANH√É','18/01/17','00/00/0000','','A','Itabirito','Rua Coronel Alves','488','','Bela Vista','Itabirito','MG',35450000),
	(145,'000111','L√≠via Marques Torres',0,NULL,'F','17/10/04','BRASILEIRA(O)','31 -00000000','A',11,'MANH√É','16/01/17','00/00/0000','','A','Belo Horizonte','Rua Guiomar Novaes','320','Apto 202','Novo Itabirito','Itabirito','MG',35450000),
	(146,'000131','Luis Gustavo Silva Braga',0,NULL,'M','23/12/04','BRASILEIRA(O)','31 -00000000','A',11,'MANH√É','01/02/17','00/00/0000','','A','Itabirito','Rua Estrada da Barragem','117','F','Meu S√≠tio','Itabirito','MG',35450000),
	(147,'000338','Mariana Guimar√£es Reis Couto de Assis',0,NULL,'F','12/11/04','BRASILEIRA(O)','31 -3563-2862','A',11,'MANH√É','13/01/17','00/00/0000','','A','Itabirito','Rua Z√≠nia','138','','Gutierrez','Itabirito','MG',35450000),
	(148,'000293','Miguel Anthony de P√°dua Lopes',0,NULL,'M','10/12/04','BRASILEIRA(O)','31 -3561-3630','A',11,'MANH√É','06/02/17','00/00/0000','','A','Nova Lima','Rua Castro Alves','601','','Novo Itabirito','Itabirito','MG',35450000),
	(149,'000140','Pedro Augusto Penna Melillo',0,NULL,'M','16/03/05','BRASILEIRA(O)','31 -3563-1241','A',11,'MANH√É','06/02/17','00/00/0000','','A','Nova Lima','Travessa Sta. Cruz','57','','Cenntro','Itabirito','MG',35450000),
	(150,'000130','Pedro L√∫cio Mota da Silva',0,NULL,'M','21/06/05','BRASILEIRA(O)','31 -3563-1858','A',11,'MANH√É','18/01/17','00/00/0000','','A','Ouro Preto','Rua Tr√™s','75','','Belo Vale','Itabirito','MG',35450000),
	(151,'000109','Pedro Lu√≠s Lodi Souza',0.8,'Sindicato','M','06/10/04','BRASILEIRA(O)','31 -3563-3635','A',11,'MANH√É','16/01/17','00/00/0000','','A','Itabirito','Rua Dr. Alberto Soares','25','A','Saudade','Itabirito','MG',35450000),
	(152,'000124','Renzo Xavier de Morais Carneiro',0,NULL,'M','22/04/05','BRASILEIRA(O)','31 -3561-0482','A',11,'MANH√É','16/01/17','00/00/0000','','A','Nova Lima','Rua Tam√≥ios','203','','Pedra Azul','Itabirito','MG',35450000),
	(153,'000318','Tomaz Ant√¥nio Canuto Faria',0,NULL,'M','22/12/04','BRASILEIRA(O)','31 -3563-2719','A',11,'MANH√É','16/01/17','00/00/0000','','A','Belo Horizonte','Rua Benjamim Idelfonso da Silva','268','casa','Serra Azul','Itabirito','MG',35450000),
	(154,'000365','Ana Clara Rocha Godoi Quint√£o',0.1,'Escola','F','02/06/04','BRASILEIRA(O)','31 -35625015','A',12,'MANH√É','16/01/17','00/00/0000','','A','Belo Horizonte','Rod. dos Infidentes km 63','','','Zona Rural','Itabirito','MG',35450000),
	(155,'000347','Ava Melillo Sim√µes',0,NULL,'F','14/01/10','BRASILEIRA(O)','31 -3561-1983','A',12,'MANH√É','16/01/17','00/00/0000','','A','Belo Horizonte','Rua Amazonas','505','','Bela Vista','Itabirito','MG',35450000),
	(156,'000022','Gabriel In√°cio da Silva Barbosa',0,NULL,'M','26/06/03','BRASILEIRA(O)','31 -2112-5078','A',12,'MANH√É','10/02/17','00/00/0000','','A','Jo√£o Monlevade','Rodovia dos Inconfentes','km 51','','Esperan√ßa','Itabirito','MG',35450000),
	(157,'000344','Gabriel Ribeiro D¬¥Almeida e Pinho',0,NULL,'M','06/06/03','BRASILEIRA(O)','31 -00000','A',12,'MANH√É','09/02/17','00/00/0000','','A','Belo Horizonte','Av. S√£o Francisco','30','','Aldebaran','Ouro Preto','MG',35410000),
	(158,'000373','J√∫lia Gomes Altino Alves Cruz',0,NULL,'F','01/10/03','BRASILEIRA(O)','31 -3563-2874','A',12,'MANH√É','23/01/17','00/00/0000','','A','Belo Horizonte','Rua Bonina','70','','Matozinhos','Itabirito','MG',35450000),
	(159,'000376','Maria Beatriz Lima Mah√©',0,NULL,'F','27/09/03','BRASILEIRA(O)','31 -3563-1700','A',12,'MANH√É','02/02/17','00/00/0000','','A','Itabirito','Rua Carlos Carvalho','111','','Funcion√°rios','Itabirito','MG',35450000),
	(160,'000142','Rub√©n Leopoldino Prates',0.05,'Sindicato','M','29/07/01','BRASILEIRA(O)','31 -3563-2968','A',12,'MANH√É','16/01/17','00/00/0000','','A','Itabirito','Av. dos Inconfidentes','790','','Santa Efig√™nia','Itabirito','MG',35450000),
	(161,'000132','Sophia Braga Marques',0,NULL,'F','24/05/04','BRASILEIRA(O)','31 -3561-5157','A',12,'MANH√É','14/12/16','00/00/0000','','A','Belo Horizonte','Rua Jo√£o XXIII','25','','Santo Ant√¥nio','Itabirito','MG',35450000),
	(162,'000143','Anam√©lia Rodrigues Niquini',0,NULL,'F','22/01/03','BRASILEIRA(O)','31 -3561-6943','A',13,'MANH√É','23/01/17','00/00/0000','','A','Itabirito','Rua Jo√£o Pinheiro','1.102','','Santa Efig√™nia','Itabirito','MG',35450000),
	(163,'000006','Beatriz Carvalho da Silva Reis',0,NULL,'F','11/02/03','BRASILEIRA(O)','313-3561-0430','A',13,'MANH√É','16/01/17','00/00/0000','','A','Itabiriro','Rua Jacarand√°','92','','Monte Verde','Itabirito','MG',35450000),
	(164,'000009','Beatriz Ferreira Gomes de Oliveira',0.8,'Sindicato','F','19/09/02','BRASILEIRA(O)','31 -3561-1108','A',13,'MANH√É','27/01/17','00/00/0000','','A','Divin√≥polis','Rua Raimunda Lemos Baeta','295','apto.101','Dona Luizinha','Itabirito','MG',35450000),
	(165,'000298','Charles Augusto Assis Machado',0,NULL,'M','30/07/01','BRASILEIRA(O)','31 -3561-0237','A',13,'MANH√É','16/02/17','00/00/0000','','A','Itabirito','Rua Lob√©lia','251','','Gutierrez','Itabirito','MG',35450000),
	(166,'000014','Emanuel Rodrigues Fontes',0.186,'Escola','M','11/03/02','BRASILEIRA(O)','31 -8815-2612','A',13,'MANH√É','01/02/17','00/00/0000','','A','Mariana','Rua D','54','','Vila da Vale','Ouro Preto','MG',35410000),
	(167,'000266','Gabriel Ferreira Nunes',0,NULL,'M','14/06/02','BRASILEIRA(O)','31 -3561-3389','A',13,'MANH√É','16/01/17','00/00/0000','','A','Itabirito','Rua Bar√£o de Cocais','195','','Monte Sinai','Itabirito','MG',35450000),
	(168,'000023','Giovana de Carvalho Silva',0.4,'Sindicato','F','12/06/02','BRASILEIRA(O)','31 -3563-1720','A',13,'MANH√É','26/01/17','00/00/0000','','A','Nova Lima','Olimpio Augusto da Silva','800','204','Bela Vista','Itabirito','MG',35450000),
	(169,'000056','Gustavo Ferreira Gomes Santana',0,NULL,'M','10/12/02','BRASILEIRA(O)','031-3563-4256','A',13,'MANH√É','07/02/17','00/00/0000','','A','Itabirito','Rua Jos√© de Souza','420','','Jo√£o Carolino','Itabirito','MG',35450000),
	(170,'000032','Nath√°lia Camylle Nunes de Jesus',0,NULL,'F','12/06/03','BRASILEIRA(O)','31 -000000000','A',13,'MANH√É','16/01/17','00/00/0000','','A','Itabirito','Rua Belo Vale','78','apto.101','Monte Sinai','Itabirito','MG',35450000),
	(171,'000038','Pedro Henrique de Almeida Silva',0,NULL,'M','17/09/02','BRASILEIRA(O)','31 -3561-2021','A',13,'MANH√É','11/01/17','00/00/0000','','A','Mariana','Rua Teresinha Martins dos Reis','188','','Serra Azul','Itabirito','MG',35450000),
	(172,'000041','Rafaella Bretas Torrecillas Almeida',0,NULL,'F','24/05/99','BRASILEIRA(O)','31 -3561-2078','A',13,'MANH√É','31/01/17','00/00/0000','','A','Belo Horizonte','Rua Caet√©','59','B','Monte Sinai','Itabirito','MG',35450000),
	(173,'000050','Yasmin Diniz Painhas',0,NULL,'F','08/03/03','BRASILEIRA(O)','31 -3563-1104','A',13,'MANH√É','16/01/17','00/00/0000','','A','Itabirito','Rua Granito','34','','Santa Tereza','Itabirito','MG',35450000),
	(174,'000364','Henrique Antonio Le Roy de Brito',0,NULL,'M','05/11/12','BRASILEIRA(O)','31 -35613736','A',3,'TARDE','12/12/16','00/00/0000','','A','Itabirito','Av Queiroz Junior','735','2 andar','Centro','Itabirito','MG',35450000),
	(175,'000381','Jo√£o Guilherme de P√°dua Lopes',0.07216,'Irm√£o','M','23/03/13','BRASILEIRA(O)','31 -3561-3630','A',3,'TARDE','09/02/17','00/00/0000','','A','Belo Horizonte','Rua Castro Alves','601','','Novo Itabirito','Itabirito','MG',35450000),
	(176,'000380','Jo√£o Guilherme Pires Silva',0.1,'Irm√£o','M','15/06/13','BRASILEIRA(O)','31 -000000000','A',3,'TARDE','06/02/17','00/00/0000','','A','Belo Horizonte','Rua Travessa Dona Cristina','11','','Inconfidentes','Itabirito','MG',35450000),
	(177,'000297','Jo√£o Rafael de Deus Peixoto',0,NULL,'M','28/06/12','BRASILEIRA(O)','31 -3561-1986','A',3,'TARDE','16/01/17','00/00/0000','','A','Itabirito','Rua Marechal Floriano','546','B','Centro','Itabirito','MG',35450000),
	(178,'000309','Laura de Melo Coutinho',0.05,'Irm√£o','F','02/03/13','BRASILEIRA(O)','31 -00000000','A',3,'TARDE','05/01/17','00/00/0000','','A','Belo Horizonte','Rua Verde Edgar Franzen de Lima','9','Condominio','Cardoso','Itabirito','MG',35450000),
	(179,'000315','Livia Luisa Pereira Hon√≥rio',0.05,'Irm√£o','F','01/11/12','BRASILEIRA(O)','31 -3561-5183','A',3,'TARDE','16/01/17','00/00/0000','','A','Itabirito','Rua Maria Augusta Braga','111','','√Ålvaro Maia','Itabirito','MG',35450000),
	(180,'000382','Maria Luiza Bruna Fernandes',0.05,'Irm√£o','F','20/06/13','BRASILEIRA(O)','31 -3561-7477','A',3,'TARDE','09/02/17','00/00/0000','','A','Itabirito','Rua Nicolau Silva','305','','Saudade','Itabirito','MG',35450000),
	(181,'000360','Matheus Nascimento Sim√µes Gurgel',0.05,'Irm√£o','M','21/07/12','BRASILEIRA(O)','31 -3561-6113','A',3,'TARDE','16/01/17','00/00/0000','','A','Belo Horizonte','Rua Magn√≥lia','240','','Matosinhos','Itabirito','MG',35450000),
	(182,'000262','Ot√°vio J√∫lio Ferreira de Assis',0,NULL,'M','24/09/12','BRASILEIRA(O)','31 -3563-1599','A',3,'TARDE','17/01/17','00/00/0000','','A','Belo Horizonte','Av. Queir√≥z J√∫nior','610','','Centro','Itabirito','MG',35450000),
	(183,'000301','Rafael Soares Viana',0.05,'Irm√£o','M','13/10/12','BRASILEIRA(O)','31 -3563-2415','A',3,'TARDE','02/12/16','00/00/0000','','A','belo hoorizonte','Rua Dona Cota','48','','Bela Vista','Itabirito','MG',35450000),
	(184,'000326','Aquiles Samuel Assun√ß√£o',0,NULL,'M','26/10/12','BRASILEIRA(O)','31 -35611260','B',3,'TARDE','20/12/16','00/00/0000','','A','Itabirito','Pra√ßa Doutor Guilherme','159','','centro','Itabirito','MG',35450000),
	(185,'000307','Clarice Resende Silva Santos Braga',0,NULL,'F','23/05/13','BRASILEIRA(O)','31 -3561-6446','B',3,'TARDE','01/02/17','00/00/0000','','A','Itabirito','Rua Flor de Seda','36','apto 202','Dona Luizinha','Itabirito','MG',35450000),
	(186,'000371','Gabriel Magalh√£es Barbosa Avellar',0,NULL,'M','09/05/13','BRASILEIRA(O)','31 -00000','B',3,'TARDE','02/01/17','00/00/0000','','A','Itabirito','Rua Cl√°udio Manoel da Costa','52','','Capanema','Itabirito','MG',35450000),
	(187,'000302','Guilherme Isidro Braga',0,NULL,'M','24/07/12','BRASILEIRA(O)','31 -3563-2897','B',3,'TARDE','10/01/17','00/00/0000','','A','Itabirito','RUA EFIG√äNIA OLIVEIRA BATISTA','351','CS','SANTA RITA','Itabirito','MG',35450000),
	(188,'000274','Helena Ribeiro Martinez',0.05,'Irm√£o','F','06/07/12','BRASILEIRA(O)','31 -3561-7820','B',3,'TARDE','16/01/17','00/00/0000','','A','Nova Lima','Rua Jos√© Carlos Mendanha','46','Apto 302','Bela Vista','Itabirito','MG',35450000),
	(189,'000313','Isabella Ara√∫jo Braga',0.05,'Irm√£o','F','18/03/13','BRASILEIRA(O)','31 -3563-1586','B',3,'TARDE','16/01/17','00/00/0000','','A','Belo Horizonte','Rua Turmalina','257','casa','Santa Tereza','Itabirito','MG',35450000),
	(190,'000296','Leonardo Galv√£o Gon√ßalves Mendanha',0,NULL,'M','19/07/11','BRASILEIRA(O)','31 -00000000','B',3,'TARDE','16/01/17','00/00/0000','','A','Belo Horizonte','Alameda Alvarenga Peixoto','260','','Quinta dos Inconfidentes','Itabirito','MG',35450000),
	(191,'000273','Lu√≠sa Tavares Winders',0,NULL,'F','15/10/12','BRASILEIRA(O)','31 -00000000','B',3,'TARDE','16/01/17','00/00/0000','','A','Diamantina','Rua Raimunda Lemos Ba√™ta','348','Apto 103','Dona Luizinha','Itabirito','MG',35450000),
	(192,'000337','Mariana Ribeiro Sacramento',0,NULL,'F','25/02/13','BRASILEIRA(O)','31 -35612045','B',3,'TARDE','02/02/17','00/00/0000','','A','Itabirito','Rua Ouro Branco','25','104','Monte Sinai','Itabirito','MG',35450000),
	(193,'000256','Pietro Augusto Pereira Braga',0,NULL,'M','08/05/13','BRASILEIRA(O)','31 -00000000','B',3,'TARDE','17/02/17','00/00/0000','','A','Itabirito','Rua Felipe dos Santos','357','','Vila Gon√ßalo','Itabirito','MG',35450000),
	(194,'000310','Raphael Petrillo Sampaio de S√° Ibraim',0.4,'Sindicato','M','22/02/13','BRASILEIRA(O)','31 -3561-2251','B',3,'TARDE','16/01/17','00/00/0000','','A','Belo Horizonte','Rua Lobelia','250','apto.102','Gutierrez','Itabirito','MG',35450000),
	(195,'000311','Al√≠cia de Almeida',0,NULL,'F','29/05/12','BRASILEIRA(O)','31 -3561-1572','A',4,'TARDE','16/01/17','00/00/0000','','A','Belo Horizonte','Rua Marechal Deodoro','44','casa','Santa Efig√™nia','Itabirito','MG',35450000),
	(196,'000156','Breno Henrique Rosendo Cruz',0.05,'Irm√£o','M','27/09/11','BRASILEIRA(O)','31 -3561-0403','A',4,'TARDE','01/02/17','00/00/0000','','A','Itabirito','Rua Santos Dumont','53','','Funcion√°rios','Itabirito','MG',35450000),
	(197,'000312','Carolina Ara√∫jo Braga',0,NULL,'F','25/10/11','BRASILEIRA(O)','31 -3563-1586','A',4,'TARDE','16/01/17','00/00/0000','','A','Itabirito','Rua Turmalina','257','casa','Santa Tereza','Itabirito','MG',35450000),
	(198,'000157','Davi Matsumura de Oliveira',0.05,'Irm√£o','M','11/03/12','BRASILEIRA(O)','31 -3563-1658','A',4,'TARDE','30/01/17','00/00/0000','','A','Itabirito','Rua Dometildes de Oliveira','858','C','Agostinho Rodrigues','Itabirito','MG',35450000),
	(199,'000286','Isabella Gonzaga Niquini',0,NULL,'F','11/04/12','BRASILEIRA(O)','31 -00000000','A',4,'TARDE','10/01/17','00/00/0000','','A','Itabirito','Rua Rodrigues Silva','125','Apto 301','Saudade','Itabirito','MG',35450000),
	(200,'000341','Isadora Duarte da Silveira',0,NULL,'F','08/03/12','BRASILEIRA(O)','31 -3563-3365','A',4,'TARDE','09/02/17','00/00/0000','','A','Itabirito','Rua Manoel Bandeira','187','casa','Novo Itabirito','Itabirito','MG',35450000),
	(201,'000367','Larissa Andrade Silva',0.08247,'Irm√£o','F','05/01/12','BRASILEIRA(O)','31 -984362743','A',4,'TARDE','16/01/17','00/00/0000','','A','Belo Horizonte','Rua Bela Vista','184','','Amarantina','Ouro Preto','MG',35450000),
	(202,'000158','Laura Barreto Lima Morgan da Costa',0,NULL,'F','12/03/12','BRASILEIRA(O)','31 -00000000','A',4,'TARDE','16/01/17','00/00/0000','','A','Nova Lima','Rua Aymor√©s','154','','Mun√∫','Itabirito','MG',35450000),
	(203,'000159','Laura Girardi de Souza Ribeiro',0,NULL,'F','29/12/11','BRASILEIRA(O)','31 -00000000','A',4,'TARDE','16/01/17','00/00/0000','','A','Juiz de Fora','Rua Ana Maria Teixeira','487','casa 7','Cardoso','Itabirito','MG',35450000),
	(204,'000290','Laura Maria Ferreira Esteves',0,NULL,'F','14/06/12','BRASILEIRA(O)','31 -3561-2246','A',4,'TARDE','16/01/17','00/00/0000','','A','Belo Horizonte','Rua Dom Bosco','343','','Lourdes','Itabirito','MG',35450000),
	(205,'000372','Lucas Alves Tavares Barreto',0,NULL,'M','17/05/12','BRASILEIRA(O)','31 -0000000','A',4,'TARDE','20/12/16','00/00/0000','','A','Itabirito','Rua Antureo','62','A','Gutierrez','Itabirito','MG',35450000),
	(206,'000368','Lucas Guimar√£es Sans Xavier',0,NULL,'M','20/07/11','BRASILEIRA(O)','31 -3553-1537','A',4,'TARDE','16/12/16','00/00/0000','','A','Itabirito','Rua Santo Ant√¥nio','45','','Centro','Cachoeira do Campo','MG',35410000),
	(207,'000160','Manuela Siqueira Rodrigues',0,NULL,'F','07/01/12','BRASILEIRA(O)','31 -00000000','A',4,'TARDE','24/01/17','00/00/0000','','A','Belo Horizonte','Rua Cassimiro de Abreu','308','','Novo Itabirito','Itabirito','MG',35450000),
	(208,'000162','Maria Eduarda Albuquerque da Fonseca',0,NULL,'F','24/07/11','BRASILEIRA(O)','31 -00000000','A',4,'TARDE','18/01/17','00/00/0000','','A','Belo Horizonte','Alameda do Aleijadinho,','196','','Paragem do Tripui','Amarantina','MG',35412000),
	(209,'000300','Matheus de Ara√∫jo Silva',0,NULL,'M','10/08/11','BRASILEIRA(O)','31 -00000000','A',4,'TARDE','16/01/17','00/00/0000','','A','Belo Horizonte','Alameda da Cantaria','276','Tripu√≠','Amarantina','Ouro Preto','MG',35400000),
	(210,'000287','Miguel Augusto Barros Martins',0,NULL,'M','29/08/11','BRASILEIRA(O)','31 -3561-1948','A',4,'TARDE','16/01/17','00/00/0000','','A','Nova Lima','Rua Cristal','189','','Santa Tereza','Itabirito','MG',35450000),
	(211,'000163','Ot√°vio Mangualde Lisboa e Cunha',0,NULL,'M','16/04/12','BRASILEIRA(O)','31 -3561-5903','A',4,'TARDE','16/01/17','00/00/0000','','A','Belo Horizonte','Rua Jo√£o Gualberto de Lemos','411','Apto 01','Boa Viagem','Itabirito','MG',35450000),
	(212,'000314','Rafael Nascimento Chamone',0.05,'Irm√£o','M','08/03/12','BRASILEIRA(O)','31 -3563-3036','A',4,'TARDE','16/01/17','00/00/0000','','A','Itabirito','Rua Castro Alves','316','','Novo Itabirito','Itabirito','MG',35450000),
	(213,'000164','Rafaela Gois Sacramento',0,NULL,'F','01/12/11','BRASILEIRA(O)','31 -0000000000','A',4,'TARDE','31/01/17','00/00/0000','','A','Itabirito','Violeta','362','','Dona Luizinha','Itabirito','MG',35450000),
	(214,'000268','Samuel Felipe Neves de Almeida Serafim',0,NULL,'M','05/09/11','BRASILEIRA(O)','31 -00000000','A',4,'TARDE','08/02/17','00/00/0000','','A','Itabirito','Rua Francisco Jos√© de Carvalho','220','A','S√£o Jos√©','Itabirito','MG',35450000),
	(215,'000335','Theo Henrique Matos Martins',0.05,'Irm√£o','M','10/06/12','BRASILEIRA(O)','31 -00000000','A',4,'TARDE','16/01/17','00/00/0000','','A','Nova Lima','Rua Francisco Jos√© de Carvalho','1375','','S√£o Jos√©','Itabirito','MG',35450000),
	(216,'000374','Miguel Sim√µes Antunes Maia Melilo',0,NULL,'M','28/10/14','BRASILEIRA(O)','31 -3561-7781','A',1,'TARDE','01/02/17','00/00/0000','','A','Itabirito','Rua Ant√¥nia Augusta de Andrade','1','','√Ålvaro Maia','Itabirito','MG',35450000),
	(217,'000358','Alice Mangualde Lisboa e Cunha',0.05,'Irm√£o','F','30/05/14','BRASILEIRA(O)','31 -3561-1817','A',2,'TARDE','14/12/16','00/00/0000','','A','Belo Horizonte','Rua Jo√£o Gualberto de Lemos','411','Apto 01','Boa Viagem','Itabirito','MG',35450000),
	(218,'000336','Ant√¥nia Pires Niquini Bastos',0,NULL,'F','16/01/14','BRASILEIRA(O)','31 -3553-5369','A',2,'TARDE','06/01/17','00/00/0000','','A','Itabirito','Alameda do Chafariz','173','Tripu√≠','Amarantina','Ouro Preto','MG',35450000),
	(219,'000329','Bernardo Albuquerque da Fonseca',0.05,'Irm√£o','M','30/03/14','BRASILEIRA(O)','31 -00000000','A',2,'TARDE','18/01/17','00/00/0000','','A','Belo Horizonte','Alameda do Aleijadinho,','196','','Paragem do Tripui','Amarantina','MG',35412000),
	(220,'000356','Bernardo Ribeiro Peixoto Rodrigues',0,NULL,'M','27/03/14','BRASILEIRA(O)','31 -3563-2709','A',2,'TARDE','20/01/17','00/00/0000','','A','Itabirito','Rua Matozinhos','59','','Matozinhos','Itabirito','MG',35450000),
	(221,'000324','Henrique Malheiros Campos',0.05,'Irm√£o','M','26/04/14','BRASILEIRA(O)','31 -3561-1476','A',2,'TARDE','07/02/17','00/00/0000','','A','Nova Lima','Doutor Guilherme','212','Centro','Centro','Itabirito','MG',35450000),
	(222,'000320','Isabela Marques Duarte',0.8,'Sindicato','F','24/07/13','BRASILEIRA(O)','31 -99799-8126','A',2,'TARDE','20/12/16','00/00/0000','','A','Itabirito','Rua Felipe dos Santos','54','','Vila Gon√ßalo','Itabirito','MG',35450000),
	(223,'000323','Laissa Brumana de Lima',0,NULL,'F','25/04/14','AUTRALIANA(O)','31 -3563-4257','A',2,'TARDE','16/01/17','00/00/0000','','A','Itabirito','Rua Ol√≠mpio Augusto da Silva','628','','Bela Vista','Itabirito','MG',35450000),
	(224,'000334','Laura Helena Ferreira de Assis',0,NULL,'F','27/08/13','BRASILEIRA(O)','31 -3563-1599','A',2,'TARDE','17/01/17','00/00/0000','','A','Belo Horizonte','Av. Queir√≥z J√∫nior','610','','Centro','Itabirito','MG',35450000),
	(225,'000359','Luca Barbosa Avellar',0.05,'Irm√£o','M','04/06/14','BRASILEIRA(O)','31 -3563-3696','A',2,'TARDE','16/01/17','00/00/0000','','A','Itabirito','Rua Maestro Jo√£o Rosa','73','','Saudade','Itabirito','MG',35450000),
	(226,'000354','Lucas Perdig√£o Faria Xavier',0.05,'Irm√£o','M','21/07/13','BRASILEIRA(O)','31 -3561-2475','A',2,'TARDE','23/01/17','00/00/0000','','A','Nova Lima','Rua Presidente Kenedy','30','','Centro','Itabirito','MG',35450000),
	(227,'000357','Luiza Girardi de Souza Ribeiro',0.05,'Irm√£o','F','26/03/14','BRASILEIRA(O)','31 -00000000','A',2,'TARDE','16/01/17','00/00/0000','','A','BELO HORIZONTE','Rua Ana Maria Teixeira','487','casa 7','Cardoso','Itabirito','MG',35450000),
	(228,'000355','Maria Laura de Carvalho Josafat Vimieiro',0,NULL,'F','03/04/14','BRASILEIRA(O)','31 -000000000','A',2,'TARDE','27/01/17','00/00/0000','','A','Itabirito','Rua Jos√© Rodrigues Pereira','92','','Hamilton de Oliveira','Itabirito','MG',35450000),
	(229,'000351','Matheus Augusto do Carmo Gouveia',0,NULL,'M','26/05/14','BRASILEIRA(O)','31 -3561-7314','A',2,'TARDE','16/01/17','00/00/0000','','A','Itabirito','Rua Itabira do Campo','530','','Saudade','Itabirito','MG',35450000),
	(230,'000377','Miguel Prado Melillo',0,NULL,'M','11/09/13','BRASILEIRA(O)','31 -3561-1125','A',2,'TARDE','03/02/17','00/00/0000','','A','Itabirito','Rua Villa Rica','130','Apto 101','Novo Itabirito','Itabirito','MG',35450000),
	(231,'000384','Vitor de Andrade Pinto Nonato',0,NULL,'M',NULL,NULL,NULL,'B',9,'TARDE',NULL,NULL,NULL,'A',NULL,NULL,NULL,NULL,NULL,NULL,NULL,NULL),
	(232,'000390','Gabriel Nascimento Silva Vidigal',0,NULL,'M',NULL,NULL,NULL,'A',3,'TARDE','01/01/17',NULL,NULL,NULL,NULL,NULL,NULL,NULL,NULL,NULL,NULL,NULL),
	(233,'000385','Alice Louzada Bastos Ruoccolo',0,NULL,'F',NULL,NULL,NULL,'A',5,'TARDE','02/08/17',NULL,NULL,NULL,NULL,NULL,NULL,NULL,NULL,NULL,NULL,NULL),
	(234,'000388','Heitor Bastos Ruoccolo',0,NULL,'M',NULL,NULL,NULL,'A',3,'TARDE','17/08/17',NULL,NULL,NULL,NULL,NULL,NULL,NULL,NULL,NULL,NULL,NULL),
	(235,'000383','Isabelly Godinho Hip√≥lito',0,NULL,'F',NULL,NULL,NULL,'A',6,'TARDE',NULL,NULL,NULL,NULL,NULL,NULL,NULL,NULL,NULL,NULL,NULL,NULL),
	(236,'000386','Nicole In√°cio Silva',0,NULL,'F',NULL,NULL,NULL,'A',5,'TARDE',NULL,NULL,NULL,NULL,NULL,NULL,NULL,NULL,NULL,NULL,NULL,NULL);

/*!40000 ALTER TABLE `register` ENABLE KEYS */;
UNLOCK TABLES;


# Dump da tabela treasury
# ------------------------------------------------------------

DROP TABLE IF EXISTS `treasury`;

CREATE TABLE `treasury` (
  `id` int(11) unsigned NOT NULL AUTO_INCREMENT,
  `tre_description` char(40) DEFAULT NULL,
  `tre_date` date DEFAULT NULL,
  `tre_met_id` int(11) unsigned NOT NULL,
  `tre_acc_id` int(11) unsigned NOT NULL,
  `tre_value` double NOT NULL,
  `tre_remarks` char(45) DEFAULT NULL,
  `tre_timestamp` timestamp NOT NULL DEFAULT CURRENT_TIMESTAMP ON UPDATE CURRENT_TIMESTAMP,
  `tre_user` char(11) DEFAULT NULL,
  PRIMARY KEY (`id`),
  KEY `tre_met_id` (`tre_met_id`),
  KEY `tre_acc_id` (`tre_acc_id`),
  CONSTRAINT `tre_acc_rel` FOREIGN KEY (`tre_acc_id`) REFERENCES `account` (`id`),
  CONSTRAINT `tre_met_rel` FOREIGN KEY (`tre_met_id`) REFERENCES `method` (`id`)
) ENGINE=InnoDB DEFAULT CHARSET=latin1;

LOCK TABLES `treasury` WRITE;
/*!40000 ALTER TABLE `treasury` DISABLE KEYS */;

INSERT INTO `treasury` (`id`, `tre_description`, `tre_date`, `tre_met_id`, `tre_acc_id`, `tre_value`, `tre_remarks`, `tre_timestamp`, `tre_user`)
VALUES
	(1,'Bloco quadriculado','2017-09-20',1,4,10,NULL,'2017-09-26 11:30:12','Leb'),
	(4,'01 Volume Bernoulli - 1o Per√≠odo','2017-09-20',1,2,160,NULL,'2017-09-26 11:30:14','Leb'),
	(6,'Farid','2017-09-21',1,17,25.25,NULL,'2017-09-26 11:41:49','Leb'),
	(7,'Cadeado - Merc. Paraopeba','2017-09-21',1,17,8,NULL,'2017-09-26 11:42:32','Leb'),
	(8,'Farid','2017-09-21',1,17,9,NULL,'2017-09-26 11:43:10','Leb'),
	(11,'Mensalidade - Tesouraria','2017-09-20',1,1,571,NULL,'2017-09-26 21:51:36','Leb'),
	(12,'Mensalidade - Tesouraria','2017-09-20',1,1,640.1,NULL,'2017-09-26 21:52:39','Leb'),
	(13,'Mensalidade - Tesouraria','2017-09-20',1,1,615,NULL,'2017-09-26 21:53:02','Leb'),
	(14,'Mensalidade - Tesouraria','2017-09-21',1,1,600,NULL,'2017-09-26 21:54:03','Leb'),
	(15,'Mensalidade - Tesouraria','2017-09-21',2,1,430.5,NULL,'2017-09-26 21:54:51','Leb'),
	(16,'Mensalidade - Tesouraria','2017-07-07',1,1,571,NULL,'2017-10-01 09:21:53','Leb'),
	(17,'Mensalidade - Tesouraria','2017-08-07',1,1,571,NULL,'2017-10-01 09:22:14','Leb'),
	(18,'Mensalidade - Tesouraria','2017-07-07',1,1,571,NULL,'2017-10-01 09:24:43','Leb'),
	(19,'Mensalidade - Tesouraria','2017-08-09',1,1,571,NULL,'2017-10-01 09:25:03','Leb'),
	(20,'Mensalidade - Tesouraria','2017-09-14',1,1,571,NULL,'2017-10-01 09:25:48','Leb'),
	(21,'Mensalidade - Tesouraria','2017-07-07',1,1,615,NULL,'2017-10-01 09:28:52','Leb'),
	(22,'Mensalidade - Tesouraria','2017-08-08',1,1,615,NULL,'2017-10-01 09:29:20','Leb'),
	(23,'Mensalidade - Tesouraria','2017-09-11',1,1,615,NULL,'2017-10-01 09:29:57','Leb'),
	(24,'Mensalidade - Tesouraria','2017-07-11',1,1,860,NULL,'2017-10-01 09:35:36','Leb'),
	(25,'Mensalidade - Tesouraria','2017-08-08',1,1,860,NULL,'2017-10-01 09:36:06','Leb'),
	(26,'Mensalidade - Tesouraria','2017-09-06',1,1,860,NULL,'2017-10-01 09:36:26','Leb'),
	(27,'Mensalidade - Tesouraria','2017-07-10',1,1,774,NULL,'2017-10-01 09:38:45','Leb'),
	(28,'Mensalidade - Tesouraria','2017-08-09',1,1,774,NULL,'2017-10-01 09:39:09','Leb'),
	(29,'Mensalidade - Tesouraria','2017-08-03',1,1,571,NULL,'2017-10-17 17:33:52','Leb');

/*!40000 ALTER TABLE `treasury` ENABLE KEYS */;
UNLOCK TABLES;


# Dump da tabela tuition
# ------------------------------------------------------------

DROP TABLE IF EXISTS `tuition`;

CREATE TABLE `tuition` (
  `id` int(11) unsigned NOT NULL AUTO_INCREMENT,
  `tui_grade_id` int(11) unsigned NOT NULL,
  `tui_value` double DEFAULT NULL,
  PRIMARY KEY (`id`),
  KEY `tui_grade_id` (`tui_grade_id`),
  CONSTRAINT `tui_gra_rel` FOREIGN KEY (`tui_grade_id`) REFERENCES `grade` (`id`)
) ENGINE=InnoDB DEFAULT CHARSET=latin1;

LOCK TABLES `tuition` WRITE;
/*!40000 ALTER TABLE `tuition` DISABLE KEYS */;

INSERT INTO `tuition` (`id`, `tui_grade_id`, `tui_value`)
VALUES
	(1,1,485),
	(2,2,485),
	(3,3,485),
	(4,4,485),
	(5,5,571),
	(6,6,615),
	(7,7,615),
	(8,8,615),
	(9,9,615),
	(10,10,826),
	(11,11,860),
	(12,12,860),
	(13,13,860);

/*!40000 ALTER TABLE `tuition` ENABLE KEYS */;
UNLOCK TABLES;


# Dump da tabela vale
# ------------------------------------------------------------

DROP TABLE IF EXISTS `vale`;

CREATE TABLE `vale` (
  `id` int(11) unsigned NOT NULL AUTO_INCREMENT,
  `date_in` date DEFAULT NULL,
  `description` char(25) DEFAULT NULL,
  `date_out` date DEFAULT NULL,
  `value` double DEFAULT NULL,
  `status` tinyint(1) DEFAULT NULL,
  PRIMARY KEY (`id`)
) ENGINE=InnoDB DEFAULT CHARSET=latin1;

LOCK TABLES `vale` WRITE;
/*!40000 ALTER TABLE `vale` DISABLE KEYS */;

INSERT INTO `vale` (`id`, `date_in`, `description`, `date_out`, `value`, `status`)
VALUES
	(2,'2017-09-19','Bolinha',NULL,31,1),
	(3,'2017-09-06','S√¥nia',NULL,250,1),
	(4,'2017-09-06','Sara',NULL,50,1);

/*!40000 ALTER TABLE `vale` ENABLE KEYS */;
UNLOCK TABLES;



/*!40111 SET SQL_NOTES=@OLD_SQL_NOTES */;
/*!40101 SET SQL_MODE=@OLD_SQL_MODE */;
/*!40014 SET FOREIGN_KEY_CHECKS=@OLD_FOREIGN_KEY_CHECKS */;
/*!40101 SET CHARACTER_SET_CLIENT=@OLD_CHARACTER_SET_CLIENT */;
/*!40101 SET CHARACTER_SET_RESULTS=@OLD_CHARACTER_SET_RESULTS */;
/*!40101 SET COLLATION_CONNECTION=@OLD_COLLATION_CONNECTION */;
